#VRML V2.0 utf8
# 3D model generated by easyeda2kicad.py (https://github.com/uPesy/easyeda2kicad.py)

Shape{
    appearance Appearance {
        material  Material 	{
            diffuseColor 0.17647058823529413 0.17647058823529413 0.17647058823529413
            specularColor 0.011764705882352941 0.011764705882352941 0.011764705882352941
            ambientIntensity 0.251
            transparency 0.0
            shininess 0.5
        }
    }
    geometry IndexedFaceSet {
        ccw TRUE
        solid FALSE
        coord DEF co Coordinate {
            point [
                1.3502 -1.1576 0.2756, 1.3502 -0.5792 0.2756, 1.3502 -0.5792 0.6564, 1.3502 -1.4736 0.7045, 1.3502 -1.4784 0.704, 1.3502 -1.4485 0.704, 1.3502 -1.346 0.8251, 1.3502 -1.308 0.8251, 1.3502 -1.308 0.8593, 1.3502 -1.8319 0.9219, 1.3502 -1.8088 0.9024, 1.3502 -1.7278 1.0166, 1.3502 -1.7278 0.8945, 1.3502 -1.9408 1.0265, 1.3502 -1.9266 1.0166, 1.3502 -1.9076 1.0034, 1.3502 -1.878 0.9687, 1.3502 -1.8615 0.936, 1.3502 -1.8573 0.9346, 1.3502 -1.9832 1.0429, 1.3502 -1.7278 2.8346, 1.3502 -2.0238 1.0478, 1.3502 -2.0622 1.0436, 1.3502 -2.1018 1.0293, 1.3502 -3.9705 2.8346, 1.3502 -2.1228 1.0166, 1.3502 -3.9705 1.0166, 1.3502 -2.1263 1.0145, 1.3502 -2.2171 0.9745, 1.3502 -2.1835 0.9787, 1.3502 -2.1463 0.9974, 1.3502 -2.1736 0.9781, 1.3502 -2.1638 0.977, 1.3502 -2.2817 0.9377, 1.3502 -2.2759 0.9432, 1.3502 -2.2487 0.9622, 1.3502 -3.9705 0.8945, 1.3502 -3.9705 0.8593, 1.3502 -2.3196 0.8593, 1.3502 -2.3158 0.8806, 1.3502 -2.3097 0.8945, 1.3502 -2.3022 0.9114, 1.3502 -2.2284 0.7095, 1.3502 -2.2593 0.7245, 1.3502 -3.9705 0.704, 1.3502 -2.2859 0.7473, 1.3502 -2.3054 0.7751, 1.3502 -2.3177 0.8069, 1.3502 -2.3218 0.8403, 1.3502 -2.3216 0.8486, 1.3502 -2.2176 0.7063, 1.3502 -2.2165 0.704, 1.3502 -2.2091 0.688, 1.3502 -2.1964 0.6723, 1.3502 -1.7278 0.6564, 1.3502 -2.1011 0.6564, 1.3502 -1.7278 0.2756, 1.3502 -2.1158 0.6508, 1.3502 -2.1365 0.6482, 1.3502 -2.1398 0.6483, 1.3502 -3.9705 0.2756, 1.3502 -2.16 0.6514, 1.3502 -3.9705 0.6564, 1.3502 -2.1718 0.6564, 1.3502 -2.1797 0.6597, 1.3502 -1.7278 0.704, 1.3502 -2.0565 0.704, 1.3502 -2.0566 0.7036, 1.3502 -2.0667 0.6846, 1.3502 -2.0798 0.6699, 1.3502 -2.0968 0.6581, 1.3502 -1.7809 0.852, 1.3502 -1.777 0.8241, 1.3502 -1.7278 0.8593, 1.3502 -1.9474 0.7543, 1.3502 -1.9416 0.7567, 1.3502 -1.9316 0.8053, 1.3502 -1.8086 0.743, 1.3502 -1.8318 0.7233, 1.3502 -2.0725 0.7908, 1.3502 -1.958 0.8506, 1.3502 -2.0874 0.8044, 1.3502 -2.1055 0.8141, 1.3502 -1.9527 0.7506, 1.3502 -1.7916 0.7666, 1.3502 -1.8304 0.8307, 1.3502 -1.8344 0.8471, 1.3502 -1.8409 0.8593, 1.3502 -2.2659 0.8593, 1.3502 -1.7809 0.7936, 1.3502 -1.935 0.7575, 1.3502 -1.9341 0.7574, 1.3502 -1.9316 0.7569, 1.3502 -2.2609 0.808, 1.3502 -2.2507 0.7907, 1.3502 -2.2073 0.7819, 1.3502 -2.2354 0.7749, 1.3502 -2.2168 0.7635, 1.3502 -2.1757 0.8101, 1.3502 -2.1932 0.798, 1.3502 -2.268 0.842, 1.3502 -2.267 0.8289, 1.3502 -2.1569 0.8173, 1.3502 -2.1365 0.8198, 1.3502 -2.1261 0.8192, 1.3502 -1.9614 0.731, 1.3502 -1.9612 0.7344, 1.3502 -2.0511 0.7421, 1.3502 -1.9595 0.7409, 1.3502 -1.9562 0.7467, 1.3502 -1.8473 0.7781, 1.3502 -1.8379 0.7914, 1.3502 -1.832 0.8066, 1.3502 -1.8299 0.8233, 1.3502 -1.9415 0.7053, 1.3502 -1.9471 0.7076, 1.3502 -1.9527 0.7115, 1.3502 -1.9547 0.7135, 1.3502 -1.9584 0.7189, 1.3502 -1.9606 0.7247, 1.3502 -2.0516 0.7247, 1.3502 -2.0511 0.7336, 1.3502 -1.8579 0.7106, 1.3502 -1.8863 0.7046, 1.3502 -1.9367 0.7046, 1.3502 -1.9298 0.7567, 1.3502 -1.8914 0.7567, 1.3502 -1.8761 0.7596, 1.3502 -1.861 0.7666, 1.3502 -1.8484 0.7769, 1.3502 -1.9034 0.8899, 1.3502 -2.2581 0.8818, 1.3502 -2.2655 0.8627, 1.3502 -1.8965 0.8899, 1.3502 -1.8423 0.8619, 1.3502 -1.8522 0.8729, 1.3502 -1.8654 0.8821, 1.3502 -1.8803 0.8879, 1.3502 -1.9218 0.9411, 1.3502 -1.941 0.9642, 1.3502 -2.1374 0.9146, 1.3502 -1.9432 0.9661, 1.3502 -1.9672 0.9828, 1.3502 -2.1243 0.9416, 1.3502 -2.2493 0.8945, 1.3502 -2.1435 0.918, 1.3502 -1.9044 0.8945, 1.3502 -1.9086 0.9136, 1.3502 -2.1626 0.925, 1.3502 -2.1826 0.9274, 1.3502 -2.1915 0.927, 1.3502 -2.1052 0.9645, 1.3502 -1.994 0.9931, 1.3502 -2.0823 0.9813, 1.3502 -2.0229 0.9966, 1.3502 -2.0544 0.9926, 1.3502 -2.2126 0.922, 1.3502 -2.2316 0.9119, 1.3502 -2.2463 0.8988, 1.3502 -1.8031 0.8945, 1.3502 -1.7913 0.8781, 1.3502 -1.7838 0.8593, 1.3502 -1.2876 0.7728, 1.3502 -1.2876 0.7591, 1.3502 -1.2701 0.704, 1.3502 -1.2701 0.8593, 1.3502 -1.2841 0.8251, 1.3502 -1.2841 0.8113, 1.3502 -1.3305 0.7591, 1.3502 -1.3305 0.7187, 1.3502 -1.308 0.7591, 1.3502 -1.308 0.7187, 1.3502 -1.2814 0.7187, 1.3502 -1.2814 0.705, 1.3502 -1.308 0.704, 1.3502 -1.308 0.705, 1.3502 -1.346 0.705, 1.3502 -1.4053 0.7263, 1.3502 -1.4035 0.7192, 1.3502 -1.4031 0.7192, 1.3502 -1.3622 0.7908, 1.3502 -1.4205 0.8593, 1.3502 -1.3778 0.7908, 1.3502 -1.4205 0.7699, 1.3502 -1.4012 0.7262, 1.3502 -1.4024 0.7222, 1.3502 -1.5103 0.7235, 1.3502 -1.5256 0.8593, 1.3502 -1.5256 0.704, 1.3502 -1.5043 0.7198, 1.3502 -1.5034 0.7195, 1.3502 -1.5034 0.7514, 1.3502 -1.506 0.754, 1.3502 -1.5079 0.7572, 1.3502 -1.5096 0.7618, 1.3502 -1.5102 0.7676, 1.3502 -1.5096 0.773, 1.3502 -1.5035 0.7515, 1.3502 -1.4957 0.704, 1.3502 -1.5012 0.7046, 1.3502 -1.5034 0.704, 1.3502 -1.5034 0.7054, 1.3502 -1.5103 0.708, 1.3502 -1.4565 0.7889, 1.3502 -1.4565 0.7743, 1.3502 -1.5006 0.7859, 1.3502 -1.4957 0.7888, 1.3502 -1.5034 0.8593, 1.3502 -1.5078 0.7778, 1.3502 -1.5051 0.7819, 1.3502 -1.5034 0.7834, 1.3502 -1.4531 0.7223, 1.3502 -1.455 0.7175, 1.3502 -1.4578 0.7135, 1.3502 -1.4873 0.7917, 1.3502 -1.4768 0.7927, 1.3502 -1.4485 0.8593, 1.3502 -1.4663 0.7918, 1.3502 -1.4574 0.7425, 1.3502 -1.4546 0.7384, 1.3502 -1.453 0.7339, 1.3502 -1.4524 0.7283, 1.3502 -1.4621 0.7098, 1.3502 -1.4656 0.7076, 1.3502 -1.4783 0.7805, 1.3502 -1.4828 0.7802, 1.3502 -1.4947 0.769, 1.3502 -1.4868 0.7791, 1.3502 -1.4902 0.7773, 1.3502 -1.4946 0.767, 1.3502 -1.494 0.7646, 1.3502 -1.4929 0.7626, 1.3502 -1.4914 0.761, 1.3502 -1.4861 0.7577, 1.3502 -1.4687 0.7795, 1.3502 -1.4768 0.7536, 1.3502 -1.4602 0.7764, 1.3502 -1.471 0.7513, 1.3502 -1.461 0.7457, 1.3502 -1.4924 0.7753, 1.3502 -1.4937 0.7734, 1.3502 -1.4945 0.7714, 1.3502 -1.4948 0.7163, 1.3502 -1.4875 0.7427, 1.3502 -1.4964 0.7468, 1.3502 -1.4856 0.7152, 1.3502 -1.4849 0.7152, 1.3502 -1.4776 0.7385, 1.3502 -1.4772 0.7161, 1.3502 -1.4678 0.7268, 1.3502 -1.468 0.7287, 1.3502 -1.4733 0.7175, 1.3502 -1.472 0.7184, 1.3502 -1.4702 0.7199, 1.3502 -1.4689 0.7218, 1.3502 -1.4681 0.724, 1.3502 -1.4687 0.7311, 1.3502 -1.4698 0.7331, 1.3502 -1.4717 0.735, 1.3502 -1.1576 0.8945, 1.3502 -1.1966 0.8955, 1.3502 -1.2137 0.8955, 1.3502 -1.226 0.9284, 1.3502 -1.2701 0.9284, 1.3502 -1.2701 0.8945, 1.3502 -1.2424 1.0156, 1.3502 -1.1576 1.0166, 1.3502 -1.2701 1.0166, 1.3502 -1.276 0.9284, 1.3502 -1.2876 0.8955, 1.3502 -1.308 0.8945, 1.3502 -1.3047 0.8955, 1.3502 -1.308 1.0166, 1.3502 -1.2701 0.9864, 1.3502 -1.2589 1.0156, 1.3502 -1.4485 1.0166, 1.3502 -1.4485 1.0156, 1.3502 -1.4346 1.0156, 1.3502 -1.4205 1.0166, 1.3502 -1.4346 1.0018, 1.3502 -1.4205 0.8945, 1.3502 -1.438 0.9496, 1.3502 -1.438 0.9634, 1.3502 -1.4485 0.9634, 1.3502 -1.4485 1.0018, 1.3502 -1.4809 0.9634, 1.3502 -1.4809 1.0018, 1.3502 -1.4964 0.8955, 1.3502 -1.5034 0.8945, 1.3502 -1.4485 0.8945, 1.3502 -1.4809 0.9496, 1.3502 -1.4809 0.9092, 1.3502 -1.4485 0.9496, 1.3502 -1.4485 0.9092, 1.3502 -1.4318 0.9092, 1.3502 -1.4318 0.8955, 1.3502 -1.4485 0.8955, 1.3502 -1.4964 1.0156, 1.3502 -1.5034 1.0166, 1.3502 -0.1122 2.5984, 1.3502 -0.1122 2.8346, 1.3502 -0.4272 2.5984, 1.3502 -0.5792 2.8346, 1.3502 -0.4272 1.0166, 1.3502 -0.2303 0.2756, 1.3502 -0.2303 0.5118, 1.3502 -0.4272 0.5118, 1.3502 -1.5488 1.0036, 1.3502 -1.5545 1.0034, 1.3502 -1.5256 0.913, 1.3502 -1.534 1.0019, 1.3502 -1.5205 0.9965, 1.3502 -1.5205 0.9153, 1.3502 -1.5218 0.9972, 1.3502 -1.5256 0.9987, 1.3502 -1.5648 1.0011, 1.3502 -1.5741 0.9965, 1.3502 -1.5815 0.9903, 1.3502 -1.5823 0.9894, 1.3502 -1.5881 0.9811, 1.3502 -1.5921 0.9707, 1.3502 -1.5941 0.9542, 1.3502 -1.5939 0.9487, 1.3502 -1.5323 0.91, 1.3502 -1.5459 0.9075, 1.3502 -1.5515 0.9073, 1.3502 -1.5918 0.9369, 1.3502 -1.5878 0.9274, 1.3502 -1.5823 0.92, 1.3502 -1.5789 0.9167, 1.3502 -1.5619 0.9084, 1.3502 -1.5708 0.9114, 1.3502 -1.536 1.0166, 1.3502 -1.5332 1.0164, 1.3502 -1.5256 1.0166, 1.3502 -1.5256 1.0142, 1.3502 -1.5205 1.0127, 1.3502 -1.605 1.0166, 1.3502 -1.6017 0.9886, 1.3502 -1.593 1.0, 1.3502 -1.5901 1.0028, 1.3502 -1.5788 1.0107, 1.3502 -1.5663 1.0155, 1.3502 -1.6122 1.0166, 1.3502 -1.6074 0.9752, 1.3502 -1.605 0.9809, 1.3502 -1.605 0.926, 1.3502 -1.608 0.9338, 1.3502 -1.6122 0.8945, 1.3502 -1.6104 0.9533, 1.3502 -1.6102 0.9596, 1.3502 -1.574 0.8965, 1.3502 -1.5853 0.9019, 1.3502 -1.605 0.8945, 1.3502 -1.595 0.9099, 1.3502 -1.596 0.911, 1.3502 -1.6031 0.9212, 1.3502 -1.5642 0.8945, 1.3502 -1.605 0.8593, 1.3502 -1.561 0.8938, 1.3502 -1.5537 0.8935, 1.3502 -1.5431 0.8945, 1.3502 -1.5205 0.9005, 1.3502 -1.5225 0.8995, 1.3502 -1.5256 0.8945, 1.3502 -1.5256 0.8985, 1.3502 -1.5354 0.8952, 1.3502 -1.5933 0.7461, 1.3502 -1.5913 0.7701, 1.3502 -1.5964 0.7419, 1.3502 -1.5985 0.7366, 1.3502 -1.605 0.704, 1.3502 -1.5971 0.716, 1.3502 -1.5989 0.7211, 1.3502 -1.5458 0.705, 1.3502 -1.5458 0.7182, 1.3502 -1.5462 0.7182, 1.3502 -1.605 0.6564, 1.3502 -1.5812 0.704, 1.3502 -1.5814 0.704, 1.3502 -1.5872 0.7062, 1.3502 -1.5524 0.7918, 1.3502 -1.5461 0.7899, 1.3502 -1.5886 0.7501, 1.3502 -1.582 0.7534, 1.3502 -1.5825 0.7759, 1.3502 -1.5712 0.7559, 1.3502 -1.558 0.78, 1.3502 -1.5631 0.7805, 1.3502 -1.5731 0.7794, 1.3502 -1.5923 0.7097, 1.3502 -1.5939 0.7114, 1.3502 -1.5411 0.787, 1.3502 -1.5372 0.7831, 1.3502 -1.5341 0.7782, 1.3502 -1.55 0.7128, 1.3502 -1.555 0.7082, 1.3502 -1.5579 0.7064, 1.3502 -1.5913 0.7847, 1.3502 -1.5881 0.7866, 1.3502 -1.5769 0.7909, 1.3502 -1.5617 0.7927, 1.3502 -1.5996 0.7279, 1.3502 -1.5996 0.7302, 1.3502 -1.5458 0.7595, 1.3502 -1.5463 0.7662, 1.3502 -1.5478 0.7715, 1.3502 -1.5496 0.7746, 1.3502 -1.5318 0.7712, 1.3502 -1.5307 0.7602, 1.3502 -1.5307 0.705, 1.3502 -1.5519 0.777, 1.3502 -1.5545 0.7788, 1.3502 -1.5256 0.6564, 1.3502 -1.5642 0.704, 1.3502 -1.5724 0.703, 1.3502 -1.4205 0.704, 1.3502 -1.4205 0.7295, 1.3502 -1.4446 0.7908, 1.3502 -1.4277 0.7908, 1.3502 -1.4109 0.7052, 1.3502 -1.4114 0.704, 1.3502 -1.4175 0.6896, 1.3502 -1.4485 0.6564, 1.3502 -1.4415 0.6658, 1.3502 -1.4415 0.6792, 1.3502 -1.4233 0.681, 1.3502 -1.4205 0.6841, 1.3502 -1.4205 0.6842, 1.3502 -1.4871 0.703, 1.3502 -1.5034 0.6564, 1.3502 -1.4384 0.6782, 1.3502 -1.4329 0.6775, 1.3502 -1.4205 0.6673, 1.3502 -1.4257 0.6653, 1.3502 -1.4205 0.6564, 1.3502 -1.4318 0.6646, 1.3502 -1.4351 0.6647, 1.3502 -1.4291 0.6779, 1.3502 -1.4259 0.6792, 1.3502 -1.4012 0.692, 1.3502 -1.408 0.6788, 1.3502 -1.308 0.6564, 1.3502 -1.3964 0.704, 1.3502 -1.4135 0.6722, 1.3502 -1.4145 0.6712, 1.3502 -1.4197 0.6675, 1.3502 -1.2701 0.2756, 1.3502 -1.2701 0.6564, 1.3502 -1.308 0.2756, 1.3502 -1.4205 0.2756, 1.3502 -1.4485 0.2756, 1.3502 -1.5034 0.2756, 1.3502 -1.5256 0.2756, 1.3502 -1.605 0.2756, 1.3502 -1.5639 0.704, 1.3502 -1.1576 0.6564, 1.3502 -0.5792 0.704, 1.3502 -1.1576 0.704, 1.3502 -1.6122 0.704, 1.3502 -1.614 0.705, 1.3502 -1.6786 0.705, 1.3502 -1.6786 0.8251, 1.3502 -1.6122 0.6564, 1.3502 -1.6122 0.2756, 1.3502 -1.6168 0.8251, 1.3502 -1.6122 0.8593, 1.3502 -1.6168 0.8113, 1.3502 -1.614 0.7187, 1.3502 -1.6631 0.7591, 1.3502 -1.6631 0.7187, 1.3502 -1.6202 0.7591, 1.3502 -1.6202 0.7728, 1.3502 -1.6631 0.7728, 1.3502 -1.6631 0.8113, 1.3502 -1.2257 0.705, 1.3502 -1.2587 0.705, 1.3502 -1.308 0.7728, 1.3502 -1.308 0.8113, 1.3502 -1.3305 0.7728, 1.3502 -1.3305 0.8113, 1.3502 -1.1642 0.7449, 1.3502 -1.1701 0.7324, 1.3502 -1.1791 0.7218, 1.3502 -1.1916 0.7128, 1.3502 -1.2053 0.7075, 1.3502 -1.2587 0.8251, 1.3502 -1.2245 0.8251, 1.3502 -1.1576 0.8593, 1.3502 -1.2061 0.8231, 1.3502 -1.1916 0.8178, 1.3502 -1.1791 0.8092, 1.3502 -1.1748 0.805, 1.3502 -1.1674 0.7946, 1.3502 -1.1629 0.7831, 1.3502 -1.1609 0.7666, 1.3502 -1.1613 0.7589, 1.3502 -1.1371 0.705, 1.3502 -1.1543 0.705, 1.3502 -1.0633 0.705, 1.3502 -1.0756 0.7378, 1.3502 -1.1256 0.7378, 1.3502 -1.1085 0.8251, 1.3502 -1.092 0.8251, 1.3502 -1.6631 1.0156, 1.3502 -1.6631 0.9092, 1.3502 -1.6153 0.9092, 1.3502 -1.6153 0.8955, 1.3502 -1.6786 0.8955, 1.3502 -1.6786 1.0156, 1.3502 -1.3146 0.9354, 1.3502 -1.3205 0.923, 1.3502 -1.3295 0.9123, 1.3502 -1.342 0.9033, 1.3502 -1.3749 1.0156, 1.3502 -1.3565 1.0136, 1.3502 -1.342 1.0083, 1.3502 -1.3557 0.898, 1.3502 -1.3761 0.8955, 1.3502 -1.4091 0.8955, 1.3502 -1.4091 1.0156, 1.3502 -1.3295 0.9997, 1.3502 -1.3252 0.9956, 1.3502 -1.3178 0.9851, 1.3502 -1.3133 0.9736, 1.3502 -1.3113 0.9571, 1.3502 -1.3117 0.9494, 1.3502 -1.0462 0.705, 1.3502 -0.5792 0.8593, 1.3502 -0.5792 0.8945, 1.3502 -0.5792 1.0166, 1.3502 -1.5573 1.0166, 1.3502 -1.605 2.8346, 1.3502 -1.6122 2.8346, 1.3502 -0.4272 0.6564, 1.3502 -0.4272 0.704, 1.3502 -0.4272 0.8593, 1.3502 -0.4272 0.8945, 1.3502 -1.1576 2.8346, 1.3502 -1.2701 2.8346, 1.3502 -1.308 2.8346, 1.3502 -1.4205 2.8346, 1.3502 -1.4485 2.8346, 1.3502 -1.5034 2.8346, 1.3502 -1.5256 2.8346, 1.3502 -1.5489 1.0176, 0.4919 -0.9783 0.0, -0.4923 -0.9783 0.0, 0.4919 -0.9783 0.1969, -0.4923 -0.9783 0.1969
            ]
        }
        coordIndex [
            0,1,2,-1,3,4,5,-1,6,7,8,-1,9,10,11,-1,11,10,12,-1,13,14,11,-1,11,14,15,-1,11,15,16,-1,16,17,11,-1,11,17,18,-1,11,18,9,-1,19,20,21,-1,21,20,22,-1,22,20,23,-1,23,20,24,-1,23,24,25,-1,25,24,26,-1,25,26,27,-1,26,28,27,-1,27,28,29,-1,27,29,30,-1,30,29,31,-1,30,31,32,-1,33,34,26,-1,26,34,35,-1,26,35,28,-1,36,37,38,-1,38,39,36,-1,36,39,40,-1,36,40,26,-1,26,40,41,-1,26,41,33,-1,42,43,44,-1,44,43,45,-1,44,45,46,-1,46,47,44,-1,44,47,48,-1,44,48,37,-1,37,48,49,-1,37,49,38,-1,50,42,51,-1,51,42,44,-1,51,44,52,-1,52,44,53,-1,54,55,56,-1,56,55,57,-1,57,58,56,-1,56,58,59,-1,56,59,60,-1,60,59,61,-1,60,61,62,-1,62,61,63,-1,62,63,44,-1,44,63,64,-1,44,64,53,-1,65,66,54,-1,54,66,67,-1,54,67,68,-1,68,69,54,-1,54,69,70,-1,54,70,55,-1,71,72,73,-1,74,75,76,-1,77,78,65,-1,79,80,81,-1,81,80,82,-1,74,76,83,-1,77,65,84,-1,85,86,80,-1,80,86,87,-1,80,87,88,-1,73,72,65,-1,65,72,89,-1,65,89,84,-1,75,90,76,-1,76,90,91,-1,76,91,92,-1,93,94,95,-1,95,94,96,-1,95,96,97,-1,98,88,99,-1,99,88,100,-1,99,100,95,-1,95,100,101,-1,95,101,93,-1,98,102,88,-1,88,102,103,-1,88,103,80,-1,80,103,104,-1,80,104,82,-1,105,106,107,-1,107,106,108,-1,107,108,76,-1,76,108,109,-1,76,109,83,-1,110,111,76,-1,76,111,112,-1,76,112,80,-1,80,112,113,-1,80,113,85,-1,114,115,66,-1,66,115,116,-1,66,116,117,-1,117,118,66,-1,66,118,119,-1,66,119,120,-1,120,119,105,-1,120,105,121,-1,121,105,107,-1,78,122,65,-1,65,122,123,-1,65,123,66,-1,66,123,124,-1,66,124,114,-1,92,125,76,-1,76,125,126,-1,76,126,127,-1,127,128,76,-1,76,128,129,-1,76,129,110,-1,130,131,132,-1,132,88,130,-1,130,88,87,-1,130,87,133,-1,133,87,134,-1,134,135,133,-1,133,135,136,-1,133,136,137,-1,138,139,140,-1,139,141,140,-1,140,141,142,-1,140,142,143,-1,144,140,145,-1,131,130,144,-1,144,130,146,-1,144,146,140,-1,140,146,147,-1,140,147,138,-1,145,148,144,-1,144,148,149,-1,144,149,150,-1,143,142,151,-1,151,142,152,-1,151,152,153,-1,153,152,154,-1,153,154,155,-1,156,157,150,-1,150,157,158,-1,150,158,144,-1,10,159,12,-1,12,159,160,-1,12,160,73,-1,73,160,161,-1,73,161,71,-1,162,163,164,-1,8,7,165,-1,165,7,166,-1,165,166,167,-1,168,169,170,-1,170,169,171,-1,170,171,163,-1,163,171,172,-1,163,172,164,-1,164,172,173,-1,164,173,174,-1,174,173,175,-1,174,175,176,-1,177,178,179,-1,180,181,182,-1,182,181,183,-1,182,183,184,-1,184,183,177,-1,184,177,185,-1,185,177,179,-1,186,187,188,-1,189,190,191,-1,192,193,186,-1,193,194,186,-1,186,194,195,-1,186,195,187,-1,187,195,196,-1,189,191,186,-1,186,191,197,-1,186,197,192,-1,198,199,200,-1,200,199,201,-1,200,201,188,-1,188,201,202,-1,188,202,186,-1,203,204,5,-1,205,206,207,-1,196,208,187,-1,187,208,209,-1,187,209,207,-1,207,209,210,-1,207,210,205,-1,211,212,5,-1,5,212,213,-1,206,214,207,-1,207,214,215,-1,207,215,216,-1,216,215,217,-1,216,217,203,-1,218,219,204,-1,204,219,220,-1,204,220,5,-1,5,220,221,-1,5,221,211,-1,213,222,5,-1,5,222,223,-1,5,223,3,-1,224,225,226,-1,226,225,227,-1,226,227,228,-1,226,229,224,-1,224,229,230,-1,224,230,231,-1,231,232,224,-1,224,232,233,-1,224,233,234,-1,234,233,235,-1,234,235,236,-1,236,235,237,-1,236,237,204,-1,204,237,238,-1,204,238,218,-1,239,240,228,-1,228,240,241,-1,228,241,226,-1,242,243,190,-1,190,243,244,-1,190,244,191,-1,242,245,243,-1,243,245,246,-1,243,246,247,-1,247,246,248,-1,247,249,250,-1,248,251,247,-1,247,251,252,-1,247,252,253,-1,253,254,247,-1,247,254,255,-1,247,255,249,-1,250,256,247,-1,247,256,257,-1,247,257,258,-1,259,260,261,-1,262,263,261,-1,261,263,264,-1,261,264,259,-1,260,259,265,-1,265,259,266,-1,265,266,267,-1,263,268,264,-1,264,268,269,-1,264,269,270,-1,270,269,271,-1,270,271,272,-1,272,271,273,-1,272,273,267,-1,267,273,274,-1,267,274,265,-1,275,276,277,-1,275,277,278,-1,278,277,279,-1,278,279,280,-1,281,280,282,-1,282,280,279,-1,282,279,283,-1,283,279,284,-1,283,284,285,-1,285,284,286,-1,287,288,289,-1,290,291,292,-1,292,291,293,-1,292,293,281,-1,281,293,294,-1,281,294,280,-1,280,294,295,-1,280,295,289,-1,289,295,296,-1,289,296,287,-1,276,275,297,-1,297,275,298,-1,297,298,287,-1,299,300,301,-1,301,300,302,-1,301,302,303,-1,304,305,1,-1,1,305,306,-1,1,306,2,-1,307,308,309,-1,307,309,310,-1,287,298,288,-1,288,298,311,-1,288,311,312,-1,312,311,313,-1,312,313,309,-1,309,313,314,-1,309,314,310,-1,308,315,309,-1,309,315,316,-1,309,316,317,-1,317,318,309,-1,309,318,319,-1,309,319,320,-1,320,321,309,-1,309,321,322,-1,309,322,323,-1,323,322,324,-1,324,322,325,-1,325,322,326,-1,325,326,327,-1,327,328,325,-1,325,328,329,-1,325,329,330,-1,330,329,331,-1,332,333,334,-1,334,333,335,-1,334,335,298,-1,298,335,336,-1,298,336,311,-1,337,338,339,-1,339,340,337,-1,337,340,341,-1,337,341,342,-1,343,344,337,-1,337,344,345,-1,337,345,338,-1,346,347,348,-1,348,347,349,-1,348,349,343,-1,343,349,350,-1,343,350,344,-1,351,352,353,-1,353,352,354,-1,354,355,353,-1,353,355,356,-1,353,356,346,-1,351,353,357,-1,357,353,358,-1,357,358,359,-1,359,358,360,-1,360,358,187,-1,360,187,361,-1,312,362,288,-1,288,362,363,-1,288,363,364,-1,364,363,365,-1,364,365,366,-1,367,368,369,-1,369,368,370,-1,371,372,373,-1,374,375,376,-1,377,378,371,-1,371,378,379,-1,371,379,380,-1,381,382,187,-1,367,383,368,-1,368,383,384,-1,368,384,385,-1,385,384,386,-1,387,388,386,-1,386,388,389,-1,386,389,385,-1,380,390,371,-1,371,390,391,-1,371,391,372,-1,382,392,187,-1,187,392,393,-1,187,393,394,-1,376,395,374,-1,374,395,396,-1,374,396,397,-1,398,399,358,-1,358,399,400,-1,358,400,187,-1,187,400,401,-1,187,401,381,-1,373,402,371,-1,371,402,403,-1,371,403,358,-1,358,403,370,-1,358,370,398,-1,398,370,368,-1,404,405,386,-1,386,405,406,-1,386,406,407,-1,394,408,187,-1,187,408,409,-1,187,409,188,-1,188,409,410,-1,188,410,374,-1,407,411,386,-1,386,411,412,-1,386,412,387,-1,413,414,377,-1,377,414,415,-1,377,415,378,-1,416,417,5,-1,5,417,418,-1,203,5,216,-1,216,5,418,-1,216,418,181,-1,181,418,419,-1,181,419,183,-1,420,417,421,-1,421,417,416,-1,421,416,422,-1,423,424,425,-1,426,427,416,-1,416,427,428,-1,416,428,422,-1,429,430,4,-1,4,430,423,-1,4,423,5,-1,5,423,425,-1,5,425,416,-1,416,425,431,-1,416,431,432,-1,433,434,435,-1,435,434,436,-1,435,436,423,-1,423,436,437,-1,423,437,424,-1,432,438,416,-1,416,438,439,-1,416,439,426,-1,440,441,442,-1,440,442,443,-1,441,444,442,-1,442,444,445,-1,442,445,435,-1,435,445,446,-1,435,446,433,-1,447,448,449,-1,449,448,442,-1,449,442,450,-1,450,442,435,-1,450,435,451,-1,451,435,423,-1,451,423,452,-1,452,423,430,-1,452,430,453,-1,453,430,413,-1,453,413,454,-1,454,413,377,-1,429,198,430,-1,430,198,200,-1,430,200,413,-1,413,200,188,-1,413,188,414,-1,414,188,374,-1,414,374,455,-1,455,374,397,-1,448,164,442,-1,442,164,174,-1,442,174,443,-1,443,174,176,-1,443,176,180,-1,180,176,6,-1,180,6,181,-1,181,6,8,-1,0,2,456,-1,456,2,457,-1,456,457,458,-1,459,460,461,-1,462,73,461,-1,461,73,65,-1,461,65,459,-1,459,65,54,-1,459,54,463,-1,463,54,56,-1,463,56,464,-1,462,465,466,-1,466,465,467,-1,466,467,459,-1,459,467,468,-1,459,468,460,-1,469,470,471,-1,471,470,468,-1,471,468,472,-1,472,468,467,-1,472,467,473,-1,473,467,474,-1,475,164,458,-1,458,164,448,-1,458,448,456,-1,456,448,447,-1,456,447,0,-1,475,476,164,-1,164,476,165,-1,164,165,162,-1,162,165,167,-1,162,167,477,-1,477,167,478,-1,477,478,479,-1,479,478,480,-1,481,482,458,-1,458,482,483,-1,483,484,458,-1,458,484,485,-1,458,485,475,-1,476,486,165,-1,165,486,487,-1,165,487,488,-1,488,487,489,-1,488,489,490,-1,490,491,488,-1,488,491,492,-1,488,492,493,-1,493,494,488,-1,488,494,495,-1,488,495,458,-1,458,495,496,-1,458,496,481,-1,497,498,458,-1,499,500,501,-1,458,498,488,-1,488,498,502,-1,488,502,503,-1,346,348,353,-1,353,348,466,-1,353,466,358,-1,358,466,459,-1,358,459,371,-1,371,459,463,-1,371,463,377,-1,377,463,464,-1,377,464,454,-1,488,259,165,-1,165,259,264,-1,165,264,8,-1,8,264,270,-1,8,270,181,-1,181,270,280,-1,181,280,216,-1,216,280,289,-1,216,289,207,-1,207,289,288,-1,207,288,187,-1,187,288,364,-1,187,364,361,-1,361,364,366,-1,504,505,506,-1,11,504,343,-1,343,504,506,-1,343,506,348,-1,348,506,507,-1,348,507,508,-1,462,466,73,-1,73,466,348,-1,73,348,12,-1,12,348,508,-1,12,508,11,-1,11,508,509,-1,11,509,504,-1,510,511,270,-1,270,511,512,-1,270,512,513,-1,278,514,272,-1,272,514,515,-1,272,515,516,-1,513,517,270,-1,270,517,518,-1,270,518,280,-1,280,518,519,-1,280,519,278,-1,278,519,520,-1,278,520,514,-1,516,521,272,-1,272,521,522,-1,272,522,523,-1,523,524,272,-1,272,524,525,-1,272,525,270,-1,270,525,526,-1,270,526,510,-1,501,497,499,-1,499,497,458,-1,499,458,527,-1,527,458,457,-1,527,457,503,-1,503,457,528,-1,503,528,488,-1,488,528,529,-1,488,529,259,-1,259,529,530,-1,259,530,266,-1,342,531,337,-1,337,531,532,-1,337,532,343,-1,343,532,533,-1,343,533,11,-1,11,533,20,-1,11,20,13,-1,13,20,19,-1,306,534,2,-1,2,534,535,-1,2,535,457,-1,457,535,536,-1,457,536,528,-1,528,536,537,-1,528,537,529,-1,529,537,303,-1,529,303,530,-1,530,303,302,-1,530,302,266,-1,266,302,538,-1,266,538,267,-1,267,538,539,-1,267,539,272,-1,272,539,540,-1,272,540,278,-1,278,540,541,-1,278,541,275,-1,275,541,542,-1,275,542,298,-1,298,542,543,-1,298,543,334,-1,334,543,544,-1,334,544,332,-1,332,544,532,-1,332,532,545,-1,545,532,531,-1,546,547,548,-1,548,547,549,-1,
        ]
    }
}
Shape{
    appearance Appearance {
        material  Material 	{
            diffuseColor 0.8980392156862745 0.8980392156862745 0.8980392156862745
            specularColor 0.7176470588235294 0.7176470588235294 0.7176470588235294
            ambientIntensity 0.898
            transparency 0.0
            shininess 0.5
        }
    }
    geometry IndexedFaceSet {
        ccw TRUE
        solid FALSE
        coord DEF co Coordinate {
            point [
                -0.4648 -0.7106 0.1969, -0.4648 -0.7106 -1.0435, -0.4648 -0.4587 0.1969, -0.4648 -0.4587 -1.0435, -0.7167 -0.4587 0.1969, -0.7167 -0.4587 -1.0435, -0.7167 -0.7106 0.1969, -0.7167 -0.7106 -1.0435, 0.7163 -0.7106 0.1969, 0.7163 -0.7106 -1.0435, 0.7163 -0.4587 0.1969, 0.7163 -0.4587 -1.0435, 0.4644 -0.4587 0.1969, 0.4644 -0.4587 -1.0435, 0.4644 -0.7106 0.1969, 0.4644 -0.7106 -1.0435
            ]
        }
        coordIndex [
            0,1,2,-1,2,1,3,-1,4,5,6,-1,6,5,7,-1,8,9,10,-1,10,9,11,-1,12,13,14,-1,14,13,15,-1,
        ]
    }
}
Shape{
    appearance Appearance {
        material  Material 	{
            diffuseColor 0.17647058823529413 0.17647058823529413 0.17647058823529413
            specularColor 0.011764705882352941 0.011764705882352941 0.011764705882352941
            ambientIntensity 0.251
            transparency 0.0
            shininess 0.5
        }
    }
    geometry IndexedFaceSet {
        ccw TRUE
        solid FALSE
        coord DEF co Coordinate {
            point [
                0.4644 -0.7815 0.8465, 0.4644 -0.7815 0.1969, 0.4644 -0.7106 0.8465, 0.4644 -0.7106 0.1969, 0.7163 -0.7106 0.8465, 0.7163 -0.7106 0.1969, 0.7163 -0.7815 0.8465, 0.7163 -0.7815 0.1969, 0.4644 -0.6454 1.0898, 0.4644 -0.5846 1.0647, 0.4644 -0.4272 2.0276, 0.4644 -0.5325 1.0246, 0.4644 -0.4924 0.9724, 0.4644 -0.2303 0.1969, 0.4644 -0.2303 0.5118, 0.4644 -0.4587 0.1969, 0.4644 -0.4272 0.5118, 0.4644 -0.4587 0.8465, 0.4644 -0.4672 0.9117, 0.4644 -0.7106 1.0984, 0.4644 -0.7815 2.0276, 0.4644 -0.7815 1.0984, 0.7163 -0.4272 0.5118, 0.7163 -0.2303 0.5118, 0.7163 -0.2303 0.1969, 0.7163 -0.4924 0.9724, 0.7163 -0.5325 1.0246, 0.7163 -0.4272 2.0276, 0.7163 -0.4587 0.1969, 0.7163 -0.4587 0.8465, 0.7163 -0.4672 0.9117, 0.7163 -0.5846 1.0647, 0.7163 -0.6454 1.0898, 0.7163 -0.7815 2.0276, 0.7163 -0.7106 1.0984, 0.7163 -0.7815 1.0984, -0.7167 -0.7815 0.8465, -0.7167 -0.7815 0.1969, -0.7167 -0.7106 0.8465, -0.7167 -0.7106 0.1969, -0.4648 -0.7106 0.8465, -0.4648 -0.7106 0.1969, -0.4648 -0.7815 0.8465, -0.4648 -0.7815 0.1969
            ]
        }
        coordIndex [
            0,1,2,-1,2,1,3,-1,4,5,6,-1,6,5,7,-1,8,9,10,-1,10,9,11,-1,10,11,12,-1,13,14,15,-1,15,14,16,-1,15,16,17,-1,17,16,10,-1,17,10,18,-1,18,10,12,-1,8,10,19,-1,19,10,20,-1,19,20,21,-1,22,23,24,-1,25,26,27,-1,24,28,22,-1,22,28,29,-1,22,29,27,-1,27,29,30,-1,27,30,25,-1,26,31,27,-1,27,31,32,-1,27,32,33,-1,33,32,34,-1,33,34,35,-1,36,37,38,-1,38,37,39,-1,40,41,42,-1,42,41,43,-1,
        ]
    }
}
Shape{
    appearance Appearance {
        material  Material 	{
            diffuseColor 0.8980392156862745 0.8980392156862745 0.8980392156862745
            specularColor 0.7176470588235294 0.7176470588235294 0.7176470588235294
            ambientIntensity 0.898
            transparency 0.0
            shininess 0.5
        }
    }
    geometry IndexedFaceSet {
        ccw TRUE
        solid FALSE
        coord DEF co Coordinate {
            point [
                -0.7167 0.1319 2.0276, -0.4648 0.1319 2.0276, -0.7167 -0.4272 2.0276, -0.4648 -0.4272 2.0276, -0.7167 -0.7815 2.0276, -0.4648 -0.7815 2.0276, -0.4648 0.4705 -1.0435, -0.4648 0.7224 -1.0435, -0.4648 0.4705 1.689, -0.4648 0.7224 1.689, -0.4648 0.4589 1.7766, -0.4648 0.7076 1.8204, -0.4648 0.4251 1.8583, -0.4648 0.664 1.9452, -0.4648 0.3713 1.9284, -0.4648 0.5936 2.0572, -0.4648 0.5001 2.1507, -0.4648 0.3012 1.9822, -0.4648 0.3881 2.221, -0.4648 0.2195 2.016, -0.4648 0.2633 2.2647, -0.4648 0.1319 2.2795, -0.4648 -0.4272 2.2795, -0.7167 -0.7815 2.2795, -0.4648 -0.7815 2.2795, -0.7167 -0.4272 2.2795, -0.7167 0.1319 2.2795, -0.7167 0.3012 1.9822, -0.7167 0.5001 2.1507, -0.7167 0.3713 1.9284, -0.7167 0.5936 2.0572, -0.7167 0.4251 1.8583, -0.7167 0.664 1.9452, -0.7167 0.4589 1.7766, -0.7167 0.7076 1.8204, -0.7167 0.4705 1.689, -0.7167 0.7224 1.689, -0.7167 0.4705 -1.0435, -0.7167 0.7224 -1.0435, -0.7167 0.2195 2.016, -0.7167 0.2633 2.2647, -0.7167 0.3881 2.221, -0.5435 0.5492 -1.2598, -0.638 0.5492 -1.2598, -0.5435 0.6437 -1.2598, -0.638 0.6437 -1.2598
            ]
        }
        coordIndex [
            0,1,2,-1,2,1,3,-1,2,3,4,-1,4,3,5,-1,6,7,8,-1,8,7,9,-1,8,9,10,-1,10,9,11,-1,10,11,12,-1,12,11,13,-1,12,13,14,-1,13,15,14,-1,14,15,16,-1,14,16,17,-1,17,16,18,-1,17,18,19,-1,19,18,20,-1,19,20,1,-1,1,20,21,-1,1,21,3,-1,3,21,22,-1,23,24,25,-1,25,24,22,-1,25,22,26,-1,26,22,21,-1,27,28,29,-1,29,28,30,-1,29,30,31,-1,31,30,32,-1,31,32,33,-1,33,32,34,-1,33,34,35,-1,35,34,36,-1,35,36,37,-1,37,36,38,-1,2,25,0,-1,0,25,26,-1,0,26,39,-1,39,26,40,-1,39,40,27,-1,27,40,41,-1,27,41,28,-1,38,36,7,-1,7,36,9,-1,6,8,37,-1,37,8,35,-1,42,43,44,-1,44,43,45,-1,1,0,19,-1,19,0,39,-1,19,39,17,-1,17,39,27,-1,17,27,14,-1,14,27,29,-1,14,29,12,-1,12,29,31,-1,12,31,10,-1,10,31,33,-1,10,33,8,-1,8,33,35,-1,9,36,34,-1,9,34,11,-1,11,34,32,-1,11,32,13,-1,13,32,30,-1,13,30,15,-1,15,30,28,-1,15,28,16,-1,16,28,41,-1,16,41,18,-1,18,41,40,-1,18,40,20,-1,20,40,26,-1,20,26,21,-1,43,37,45,-1,45,37,38,-1,42,6,43,-1,43,6,37,-1,7,44,38,-1,38,44,45,-1,44,7,42,-1,42,7,6,-1,
        ]
    }
}
Shape{
    appearance Appearance {
        material  Material 	{
            diffuseColor 0.17647058823529413 0.17647058823529413 0.17647058823529413
            specularColor 0.011764705882352941 0.011764705882352941 0.011764705882352941
            ambientIntensity 0.251
            transparency 0.0
            shininess 0.5
        }
    }
    geometry IndexedFaceSet {
        ccw TRUE
        solid FALSE
        coord DEF co Coordinate {
            point [
                -0.7167 -0.6454 1.0898, -0.7167 -0.5846 1.0647, -0.7167 -0.4272 2.0276, -0.7167 -0.5325 1.0246, -0.7167 -0.4924 0.9724, -0.7167 -0.2303 0.1969, -0.7167 -0.2303 0.5118, -0.7167 -0.4587 0.1969, -0.7167 -0.4272 0.5118, -0.7167 -0.4587 0.8465, -0.7167 -0.4672 0.9117, -0.7167 -0.7106 1.0984, -0.7167 -0.7815 2.0276, -0.7167 -0.7815 1.0984, -0.4648 -0.4272 0.5118, -0.4648 -0.2303 0.5118, -0.4648 -0.2303 0.1969, -0.4648 -0.4924 0.9724, -0.4648 -0.5325 1.0246, -0.4648 -0.4272 2.0276, -0.4648 -0.4587 0.1969, -0.4648 -0.4587 0.8465, -0.4648 -0.4672 0.9117, -0.4648 -0.5846 1.0647, -0.4648 -0.6454 1.0898, -0.4648 -0.7815 2.0276, -0.4648 -0.7106 1.0984, -0.4648 -0.7815 1.0984, -0.7167 -0.7815 2.9134, -0.7167 -0.2303 2.9134, -0.8348 -0.1122 2.9134, 0.8344 -0.1122 2.9134, 0.7163 -0.2303 2.9134, 1.2715 -0.1122 2.9134, 0.7163 -0.7815 2.9134, 1.2715 -4.0492 2.9134, -0.2758 -2.5965 2.9134, -1.2719 -0.1122 2.9134, -0.2758 -3.9705 2.9134, -1.2719 -4.0492 2.9134, 0.2754 -3.9705 2.9134, 0.2754 -2.5965 2.9134, 0.4644 -0.7815 2.9134, -0.3467 -0.1122 2.9134, -0.4648 -0.2303 2.9134, 0.3463 -0.1122 2.9134, -0.4648 -0.7815 2.9134, 0.4644 -0.2303 2.9134, 0.8344 -0.1122 2.5984, 1.3502 -0.1122 2.8346, 1.3502 -0.1122 2.5984, 0.7163 -0.4272 2.2795, 0.7163 -0.4272 2.5984, 1.3502 -0.4272 2.5984, 1.3502 -0.4272 0.5118, 0.7163 -0.4272 0.5118, 0.7163 -0.4272 2.0276, 0.7163 -0.2303 2.5984, 0.0589 -1.9761 -0.6299, 0.0589 -1.9761 0.0, 0.1339 -2.0005 0.0, 0.1339 -2.0005 -0.6299, 0.2006 -2.0428 0.0, 0.2006 -2.0428 -0.6299, 0.2546 -2.1003 0.0, 0.2546 -2.1003 -0.6299, 0.2927 -2.1695 0.0, 0.2927 -2.1695 -0.6299, 0.3123 -2.246 0.0, 0.3123 -2.246 -0.6299, 0.3123 -2.3249 0.0, 0.3123 -2.3249 -0.6299, 0.2927 -2.4014 0.0, 0.2927 -2.4014 -0.6299, 0.2546 -2.4705 0.0, 0.2546 -2.4705 -0.6299, 0.2006 -2.5281 0.0, 0.2006 -2.5281 -0.6299, 0.1339 -2.5704 0.0, 0.1339 -2.5704 -0.6299, 0.0589 -2.5948 0.0, 0.0589 -2.5948 -0.6299, 0.0589 -1.8763 -0.7874, 0.0589 -1.8763 -0.6299, 0.1481 -1.8996 -0.7874, 0.1619 -1.9051 -0.6299, 0.1612 -1.9065 -0.7874, 0.2359 -1.9461 -0.7874, 0.254 -1.9595 -0.6299, 0.2526 -1.961 -0.7874, 0.31 -2.0121 -0.7874, 0.3292 -2.0356 -0.6299, 0.3271 -2.0371 -0.7874, 0.3662 -2.094 -0.7874, 0.3823 -2.1285 -0.6299, 0.3796 -2.1295 -0.7874, 0.4013 -2.1869 -0.7874, 0.4097 -2.2319 -0.6299, 0.4068 -2.2323 -0.7874, 0.4132 -2.2854 -0.7874, 0.4097 -2.3389 -0.6299, 0.4068 -2.3386 -0.7874, 0.4013 -2.384 -0.7874, 0.3823 -2.4423 -0.6299, 0.3796 -2.4413 -0.7874, 0.3662 -2.4769 -0.7874, 0.3292 -2.5352 -0.6299, 0.3271 -2.5338 -0.7874, 0.31 -2.5587 -0.7874, 0.254 -2.6114 -0.6299, 0.2526 -2.6098 -0.7874, 0.2359 -2.6248 -0.7874, 0.1619 -2.6657 -0.6299, 0.1612 -2.6644 -0.7874, 0.1481 -2.6713 -0.7874, 0.0589 -2.6946 -0.6299, 0.0589 -2.6946 -0.7874, 0.0589 -2.4525 -1.0236, 0.0589 -2.1184 -1.0236, 0.0634 -2.4508 -1.0236, 0.0634 -2.1201 -1.0236, 0.101 -2.14 -1.0236, 0.1327 -2.1683 -1.0236, 0.1568 -2.2034 -1.0236, 0.1719 -2.2432 -1.0236, 0.177 -2.2854 -1.0236, 0.1719 -2.3277 -1.0236, 0.1568 -2.3675 -1.0236, 0.1327 -2.4026 -1.0236, 0.101 -2.4309 -1.0236, 0.4919 -3.498 0.0, -0.0593 -1.9761 0.0, -0.1343 -2.0005 0.0, -0.4923 -0.9783 0.0, -0.201 -2.0428 0.0, -0.255 -2.1003 0.0, -0.4923 -3.498 0.0, -0.293 -2.4014 0.0, -0.255 -2.4705 0.0, -0.293 -2.1695 0.0, -0.3127 -2.246 0.0, -0.3127 -2.3249 0.0, -0.0593 -2.5948 0.0, 0.4919 -0.9783 0.0, -0.1343 -2.5704 0.0, -0.201 -2.5281 0.0, 0.3463 -0.1122 0.1969, -0.3467 -0.1122 0.1969, 0.3463 -0.1122 0.5118, -0.3467 -0.1122 0.5118, -0.3467 -0.1122 2.5984, 0.3463 -0.1122 2.5984, 0.4644 -0.4272 0.5118, 0.4644 -0.4272 2.0276, 0.4644 -0.4272 2.2795, -0.4648 -0.4272 2.2795, 0.4644 -0.4272 2.5984, -0.4648 -0.4272 2.5984, 0.4644 -0.2303 0.5118, 0.4644 -0.2303 2.5984, -0.4648 -0.2303 2.5984, -0.8348 -0.1122 0.1969, -1.2325 -0.1122 0.1969, -0.8348 -0.1122 0.5118, -1.2325 -0.1122 0.5118, -1.3506 -0.1122 2.8346, -0.8348 -0.1122 2.5984, -1.3506 -0.1122 2.5984, -1.3506 -0.4272 0.5118, -1.3506 -0.4272 2.5984, -0.7167 -0.4272 2.2795, -0.7167 -0.4272 2.5984, -1.3506 -0.2303 0.5118, -0.7167 -0.2303 2.5984, 1.2321 -0.1122 0.1969, 0.8344 -0.1122 0.1969, 1.2321 -0.1122 0.5118, 0.8344 -0.1122 0.5118, 0.4644 -0.7815 0.1969, 0.7163 -0.7815 0.1969, 0.4919 -0.9783 0.1969, 1.2715 -0.1516 0.1969, -1.2719 -4.0492 0.1969, -1.2719 -0.1516 0.1969, -0.7167 -0.7815 0.1969, -0.7167 -0.7106 0.1969, 0.4919 -3.498 0.1969, 1.2715 -4.0492 0.1969, -0.4923 -3.498 0.1969, -0.4923 -0.9783 0.1969, -0.4648 -0.7815 0.1969, 0.4644 -0.7106 0.1969, -0.4648 -0.7106 0.1969, 0.4644 -0.4587 0.1969, 0.4644 -0.2303 0.1969, 0.7163 -0.2303 0.1969, 0.7163 -0.4587 0.1969, 0.7163 -0.7106 0.1969, -1.3506 -0.2303 0.2756, -1.3506 -3.9705 0.2756, -1.3506 -3.9705 2.8346, 0.7163 -1.5492 1.0984, 1.1061 -1.5492 1.4882, 0.4644 -1.5492 1.0984, 0.0746 -1.5492 1.4882, 0.4644 -1.5492 0.8465, 0.0746 -1.5492 0.4567, 0.7163 -1.5492 0.8465, 1.1061 -1.5492 0.4567, 1.1061 -4.0492 0.4567, 0.0746 -4.0492 0.4567, 1.1061 -4.0492 1.4882, 0.0746 -4.0492 1.4882, -1.1065 -1.5492 1.4882, -1.1065 -1.5492 0.7323, -0.7167 -1.5492 0.8465, -0.8309 -1.5492 0.4567, -0.4648 -1.5492 0.8465, -0.075 -1.5492 0.4567, -0.4648 -1.5492 1.0984, -0.075 -1.5492 1.4882, -0.7167 -1.5492 1.0984, -0.8309 -4.0492 0.4567, -0.075 -4.0492 0.4567, -0.075 -4.0492 1.4882, -1.1065 -4.0492 1.4882, -1.1065 -4.0492 0.7323, -1.1065 -4.0492 1.9134, -0.075 -4.0492 1.6378, 0.0746 -4.0492 1.6378, -0.075 -4.0492 2.6693, 0.0746 -4.0492 2.6693, -1.1065 -4.0492 2.6693, 1.1061 -4.0492 2.6693, 1.1061 -4.0492 1.9134, 0.8305 -4.0492 1.6378, -0.8309 -4.0492 1.6378, -1.1065 -1.5492 1.9134, -1.1065 -1.5492 2.6693, -0.075 -1.5492 2.6693, -0.075 -1.5492 1.6378, -0.8309 -1.5492 1.6378, -0.7167 -1.5492 2.0276, -0.4648 -1.5492 2.0276, -0.4648 -1.5492 2.2795, -0.7167 -1.5492 2.2795, -0.7167 -0.7815 2.2795, -0.4648 -0.7815 2.2795, 0.0746 -1.5492 1.6378, 0.0746 -1.5492 2.6693, 1.1061 -1.5492 2.6693, 1.1061 -1.5492 1.9134, 0.8305 -1.5492 1.6378, 0.7163 -1.5492 2.0276, 0.7163 -1.5492 2.2795, 0.4644 -1.5492 2.2795, 0.4644 -1.5492 2.0276, 0.4644 -0.7815 2.2795, 0.7163 -0.7815 2.2795, -0.2758 -3.2395 3.4252, -0.2758 -2.8327 3.4252, -0.2758 -2.8327 3.1496, -0.2758 -2.8246 3.0885, -0.2758 -2.801 3.0315, -0.2758 -2.7635 2.9826, -0.2758 -2.7146 2.945, -0.2758 -2.6576 2.9214, 0.2754 -2.6576 2.9214, 0.2754 -2.7146 2.945, 0.2754 -2.7635 2.9826, 0.2754 -2.801 3.0315, 0.2754 -2.8327 3.4252, 0.2754 -3.2395 3.4252, 0.2754 -2.8327 3.1496, 0.2754 -2.8246 3.0885, 1.3502 -0.2303 0.5118, 0.7163 -0.2303 0.5118, -0.7167 -0.7815 0.8465, -0.4648 -0.7815 0.8465, 0.4644 -0.7815 0.8465, 0.7163 -0.7815 0.8465, 0.7163 -0.7815 2.0276, 0.7163 -0.7815 1.0984, 0.4644 -0.7815 2.0276, 0.4644 -0.7815 1.0984, 1.3502 -0.2303 0.2756, -0.0593 -2.5948 -0.6299, -0.1343 -2.5704 -0.6299, -0.201 -2.5281 -0.6299, -0.255 -2.4705 -0.6299, -0.293 -2.4014 -0.6299, -0.3127 -2.3249 -0.6299, -0.3127 -2.246 -0.6299, -0.293 -2.1695 -0.6299, -0.255 -2.1003 -0.6299, -0.201 -2.0428 -0.6299, -0.1343 -2.0005 -0.6299, -0.0593 -1.9761 -0.6299, -0.0593 -2.6946 -0.7874, -0.0593 -2.6946 -0.6299, -0.1485 -2.6713 -0.7874, -0.1623 -2.6657 -0.6299, -0.1616 -2.6644 -0.7874, -0.2362 -2.6248 -0.7874, -0.2544 -2.6114 -0.6299, -0.253 -2.6098 -0.7874, -0.3104 -2.5587 -0.7874, -0.3296 -2.5352 -0.6299, -0.3275 -2.5338 -0.7874, -0.3666 -2.4769 -0.7874, -0.3827 -2.4423 -0.6299, -0.38 -2.4413 -0.7874, -0.4017 -2.384 -0.7874, -0.4101 -2.3389 -0.6299, -0.4072 -2.3386 -0.7874, -0.4136 -2.2854 -0.7874, -0.4101 -2.2319 -0.6299, -0.4072 -2.2323 -0.7874, -0.4017 -2.1869 -0.7874, -0.3827 -2.1285 -0.6299, -0.38 -2.1295 -0.7874, -0.3666 -2.094 -0.7874, -0.3296 -2.0356 -0.6299, -0.3275 -2.0371 -0.7874, -0.3104 -2.0121 -0.7874, -0.2544 -1.9595 -0.6299, -0.253 -1.961 -0.7874, -0.2362 -1.9461 -0.7874, -0.1623 -1.9051 -0.6299, -0.1616 -1.9065 -0.7874, -0.1485 -1.8996 -0.7874, -0.0593 -1.8763 -0.6299, -0.0593 -1.8763 -0.7874, -0.0593 -2.1184 -1.0236, -0.0593 -2.4525 -1.0236, -0.0638 -2.4508 -1.0236, -0.1014 -2.14 -1.0236, -0.0638 -2.1201 -1.0236, -0.1331 -2.4026 -1.0236, -0.1014 -2.4309 -1.0236, -0.1723 -2.2432 -1.0236, -0.1572 -2.2034 -1.0236, -0.1774 -2.2854 -1.0236, -0.1723 -2.3277 -1.0236, -0.1572 -2.3675 -1.0236, -0.1331 -2.1683 -1.0236
            ]
        }
        coordIndex [
            0,1,2,-1,2,1,3,-1,2,3,4,-1,5,6,7,-1,7,6,8,-1,7,8,9,-1,9,8,2,-1,9,2,10,-1,10,2,4,-1,0,2,11,-1,11,2,12,-1,11,12,13,-1,14,15,16,-1,17,18,19,-1,16,20,14,-1,14,20,21,-1,14,21,19,-1,19,21,22,-1,19,22,17,-1,18,23,19,-1,19,23,24,-1,19,24,25,-1,25,24,26,-1,25,26,27,-1,28,29,30,-1,31,32,33,-1,33,32,34,-1,33,34,35,-1,36,37,38,-1,38,37,39,-1,38,39,40,-1,40,39,35,-1,40,35,41,-1,41,35,34,-1,41,34,36,-1,36,34,42,-1,43,44,45,-1,45,44,46,-1,45,46,47,-1,30,37,28,-1,28,37,36,-1,28,36,46,-1,46,36,42,-1,46,42,47,-1,31,33,48,-1,48,33,49,-1,48,49,50,-1,51,52,53,-1,54,55,53,-1,53,55,56,-1,53,56,51,-1,52,57,53,-1,53,57,48,-1,53,48,50,-1,58,59,60,-1,58,60,61,-1,61,60,62,-1,61,62,63,-1,63,62,64,-1,63,64,65,-1,65,64,66,-1,65,66,67,-1,67,66,68,-1,67,68,69,-1,69,68,70,-1,69,70,71,-1,71,70,72,-1,71,72,73,-1,73,72,74,-1,73,74,75,-1,75,74,76,-1,75,76,77,-1,77,76,78,-1,77,78,79,-1,79,78,80,-1,79,80,81,-1,82,83,84,-1,84,83,85,-1,84,85,86,-1,86,85,87,-1,87,85,88,-1,87,88,89,-1,89,88,90,-1,90,88,91,-1,90,91,92,-1,92,91,93,-1,93,91,94,-1,93,94,95,-1,95,94,96,-1,96,94,97,-1,96,97,98,-1,98,97,99,-1,99,97,100,-1,99,100,101,-1,101,100,102,-1,102,100,103,-1,102,103,104,-1,104,103,105,-1,105,103,106,-1,105,106,107,-1,107,106,108,-1,108,106,109,-1,108,109,110,-1,110,109,111,-1,111,109,112,-1,111,112,113,-1,113,112,114,-1,114,112,115,-1,114,115,116,-1,117,118,119,-1,119,118,120,-1,120,121,119,-1,119,121,122,-1,119,122,123,-1,123,124,119,-1,119,124,125,-1,119,125,126,-1,126,127,119,-1,119,127,128,-1,119,128,129,-1,81,115,79,-1,79,115,112,-1,79,112,77,-1,77,112,109,-1,77,109,75,-1,75,109,106,-1,75,106,73,-1,73,106,103,-1,73,103,71,-1,71,103,100,-1,71,100,69,-1,69,100,97,-1,69,97,67,-1,67,97,94,-1,67,94,65,-1,65,94,91,-1,65,91,63,-1,63,91,88,-1,63,88,61,-1,61,88,85,-1,61,85,58,-1,58,85,83,-1,120,118,82,-1,82,84,120,-1,120,84,86,-1,120,86,121,-1,86,87,121,-1,121,87,89,-1,121,89,122,-1,89,90,122,-1,122,90,92,-1,122,92,123,-1,92,93,123,-1,123,93,95,-1,123,95,124,-1,95,96,124,-1,124,96,98,-1,124,98,125,-1,98,99,125,-1,125,99,101,-1,125,101,126,-1,101,102,126,-1,126,102,104,-1,126,104,127,-1,104,105,127,-1,127,105,107,-1,127,107,128,-1,107,108,128,-1,128,108,110,-1,128,110,129,-1,116,117,114,-1,114,117,119,-1,114,119,113,-1,113,119,129,-1,113,129,111,-1,111,129,110,-1,130,80,78,-1,131,132,133,-1,133,132,134,-1,133,134,135,-1,136,137,138,-1,135,139,133,-1,133,139,140,-1,133,140,136,-1,136,140,141,-1,136,141,137,-1,78,76,130,-1,130,76,74,-1,130,74,72,-1,142,131,59,-1,59,131,133,-1,59,133,60,-1,60,133,143,-1,60,143,62,-1,62,143,64,-1,59,80,142,-1,142,80,130,-1,142,130,144,-1,144,130,136,-1,144,136,145,-1,145,136,138,-1,72,70,130,-1,130,70,68,-1,130,68,143,-1,143,68,66,-1,143,66,64,-1,146,147,148,-1,148,147,149,-1,43,45,150,-1,150,45,151,-1,152,14,153,-1,153,14,19,-1,153,19,154,-1,154,19,155,-1,154,155,156,-1,156,155,157,-1,148,149,158,-1,158,149,15,-1,158,15,152,-1,152,15,14,-1,151,159,156,-1,151,156,150,-1,150,156,157,-1,150,157,160,-1,161,162,163,-1,163,162,164,-1,37,30,165,-1,165,30,166,-1,165,166,167,-1,8,168,2,-1,2,168,169,-1,2,169,170,-1,170,169,171,-1,168,8,6,-1,163,164,6,-1,6,164,172,-1,6,172,168,-1,173,171,166,-1,166,171,169,-1,166,169,167,-1,174,175,176,-1,176,175,177,-1,178,179,180,-1,175,174,181,-1,161,5,7,-1,182,183,184,-1,184,183,185,-1,185,183,7,-1,7,183,162,-1,7,162,161,-1,186,187,188,-1,188,187,182,-1,188,182,189,-1,189,182,184,-1,189,184,190,-1,186,180,187,-1,187,180,179,-1,187,179,181,-1,180,189,178,-1,178,189,190,-1,178,190,191,-1,191,190,192,-1,191,192,193,-1,193,192,20,-1,193,20,16,-1,16,147,193,-1,193,147,146,-1,193,146,194,-1,195,175,196,-1,196,175,181,-1,196,181,197,-1,197,181,179,-1,165,167,169,-1,172,198,168,-1,168,198,199,-1,168,199,169,-1,169,199,200,-1,169,200,165,-1,201,202,203,-1,203,202,204,-1,203,204,205,-1,205,204,206,-1,205,206,207,-1,207,206,208,-1,207,208,201,-1,201,208,202,-1,208,206,209,-1,209,206,210,-1,202,208,211,-1,211,208,209,-1,204,202,212,-1,212,202,211,-1,206,204,210,-1,210,204,212,-1,213,214,215,-1,215,214,216,-1,215,216,217,-1,217,216,218,-1,217,218,219,-1,219,218,220,-1,219,220,221,-1,221,220,213,-1,221,213,215,-1,222,223,216,-1,216,223,218,-1,220,218,224,-1,224,218,223,-1,213,220,225,-1,225,220,224,-1,214,213,226,-1,226,213,225,-1,209,187,211,-1,211,187,35,-1,223,210,224,-1,224,210,212,-1,227,39,225,-1,225,39,182,-1,225,182,226,-1,209,210,187,-1,187,210,223,-1,187,223,182,-1,182,223,222,-1,182,222,226,-1,228,229,230,-1,230,229,231,-1,227,232,39,-1,39,232,230,-1,39,230,35,-1,35,230,231,-1,231,233,35,-1,35,233,234,-1,35,234,211,-1,211,234,235,-1,211,235,212,-1,212,235,229,-1,212,229,224,-1,224,229,228,-1,224,228,225,-1,225,228,236,-1,225,236,227,-1,237,238,227,-1,227,238,232,-1,238,239,232,-1,232,239,230,-1,239,240,230,-1,230,240,228,-1,236,228,241,-1,241,228,240,-1,238,237,242,-1,242,237,241,-1,242,241,243,-1,243,241,240,-1,243,240,244,-1,244,240,239,-1,244,239,245,-1,245,239,238,-1,245,238,242,-1,173,29,171,-1,171,29,28,-1,171,28,170,-1,170,28,246,-1,155,247,157,-1,157,247,46,-1,157,46,160,-1,160,46,44,-1,248,249,229,-1,229,249,231,-1,249,250,231,-1,231,250,233,-1,234,233,251,-1,251,233,250,-1,252,248,235,-1,235,248,229,-1,248,252,253,-1,253,252,251,-1,253,251,254,-1,254,251,250,-1,254,250,255,-1,255,250,249,-1,255,249,256,-1,256,249,248,-1,256,248,253,-1,159,47,156,-1,156,47,42,-1,156,42,154,-1,154,42,257,-1,51,258,52,-1,52,258,34,-1,52,34,57,-1,57,34,32,-1,226,222,214,-1,214,222,216,-1,235,234,252,-1,252,234,251,-1,227,236,237,-1,237,236,241,-1,259,260,38,-1,38,260,261,-1,261,262,38,-1,38,262,263,-1,38,263,264,-1,264,265,38,-1,38,265,266,-1,38,266,36,-1,40,41,267,-1,267,268,40,-1,40,268,269,-1,40,269,270,-1,271,272,273,-1,273,272,40,-1,273,40,274,-1,274,40,270,-1,261,260,273,-1,273,260,271,-1,272,271,259,-1,259,271,260,-1,40,272,38,-1,38,272,259,-1,261,273,262,-1,262,273,274,-1,262,274,263,-1,263,274,270,-1,263,270,264,-1,264,270,269,-1,264,269,265,-1,265,269,268,-1,265,268,266,-1,266,268,267,-1,266,267,36,-1,36,267,41,-1,133,136,189,-1,189,136,188,-1,136,130,188,-1,188,130,186,-1,130,143,186,-1,186,143,180,-1,176,177,275,-1,275,177,276,-1,275,276,54,-1,54,276,55,-1,184,277,190,-1,190,277,278,-1,46,247,28,-1,28,247,246,-1,25,27,12,-1,12,27,13,-1,178,279,179,-1,179,279,280,-1,34,258,42,-1,42,258,257,-1,281,282,283,-1,283,282,284,-1,30,29,166,-1,166,29,173,-1,44,43,160,-1,160,43,150,-1,45,47,151,-1,151,47,159,-1,32,31,57,-1,57,31,48,-1,275,285,176,-1,176,285,181,-1,176,181,174,-1,195,276,175,-1,175,276,177,-1,146,148,194,-1,194,148,158,-1,16,15,147,-1,147,15,149,-1,161,163,5,-1,5,163,6,-1,198,172,183,-1,183,172,164,-1,183,164,162,-1,286,142,144,-1,286,144,287,-1,287,144,145,-1,287,145,288,-1,288,145,138,-1,288,138,289,-1,289,138,137,-1,289,137,290,-1,290,137,141,-1,290,141,291,-1,291,141,140,-1,291,140,292,-1,292,140,139,-1,292,139,293,-1,293,139,135,-1,293,135,294,-1,294,135,134,-1,294,134,295,-1,295,134,132,-1,295,132,296,-1,296,132,131,-1,296,131,297,-1,298,299,300,-1,300,299,301,-1,300,301,302,-1,302,301,303,-1,303,301,304,-1,303,304,305,-1,305,304,306,-1,306,304,307,-1,306,307,308,-1,308,307,309,-1,309,307,310,-1,309,310,311,-1,311,310,312,-1,312,310,313,-1,312,313,314,-1,314,313,315,-1,315,313,316,-1,315,316,317,-1,317,316,318,-1,318,316,319,-1,318,319,320,-1,320,319,321,-1,321,319,322,-1,321,322,323,-1,323,322,324,-1,324,322,325,-1,324,325,326,-1,326,325,327,-1,327,325,328,-1,327,328,329,-1,329,328,330,-1,330,328,331,-1,330,331,332,-1,333,334,335,-1,336,337,338,-1,333,335,337,-1,337,335,339,-1,337,339,338,-1,340,341,342,-1,342,341,343,-1,338,344,336,-1,336,344,343,-1,336,343,345,-1,345,343,341,-1,297,331,296,-1,296,331,328,-1,296,328,295,-1,295,328,325,-1,295,325,294,-1,294,325,322,-1,294,322,293,-1,293,322,319,-1,293,319,292,-1,292,319,316,-1,292,316,291,-1,291,316,313,-1,291,313,290,-1,290,313,310,-1,290,310,289,-1,289,310,307,-1,289,307,288,-1,288,307,304,-1,288,304,287,-1,287,304,301,-1,287,301,286,-1,286,301,299,-1,335,334,298,-1,298,300,335,-1,335,300,302,-1,335,302,339,-1,302,303,339,-1,339,303,305,-1,339,305,338,-1,305,306,338,-1,338,306,308,-1,338,308,344,-1,308,309,344,-1,344,309,311,-1,344,311,343,-1,311,312,343,-1,343,312,314,-1,343,314,342,-1,314,315,342,-1,342,315,317,-1,342,317,340,-1,317,318,340,-1,340,318,320,-1,340,320,341,-1,320,321,341,-1,341,321,323,-1,341,323,345,-1,323,324,345,-1,345,324,326,-1,345,326,336,-1,332,333,330,-1,330,333,337,-1,330,337,329,-1,329,337,336,-1,329,336,327,-1,327,336,326,-1,116,115,81,-1,59,58,80,-1,80,58,81,-1,83,82,58,-1,58,82,118,-1,58,118,81,-1,81,118,117,-1,81,117,116,-1,332,331,297,-1,142,286,131,-1,131,286,297,-1,299,298,286,-1,286,298,334,-1,286,334,297,-1,297,334,333,-1,297,333,332,-1,
        ]
    }
}
Shape{
    appearance Appearance {
        material  Material 	{
            diffuseColor 0.8980392156862745 0.8980392156862745 0.8980392156862745
            specularColor 0.7176470588235294 0.7176470588235294 0.7176470588235294
            ambientIntensity 0.898
            transparency 0.0
            shininess 0.5
        }
    }
    geometry IndexedFaceSet {
        ccw TRUE
        solid FALSE
        coord DEF co Coordinate {
            point [
                -0.638 -3.1831 2.2008, -0.638 -3.1831 2.1063, -0.5435 -3.1831 2.2008, -0.5435 -3.1831 2.1063, -0.4648 -2.9667 2.0276, -0.7167 -2.9667 2.0276, -0.4648 -2.9667 2.2795, -0.7167 -2.9667 2.2795, -0.7167 -1.5492 2.0276, -0.7167 -1.5492 2.2795, -0.4648 -1.5492 2.2795, -0.4648 -1.5492 2.0276, -0.638 -0.5374 -1.2598, -0.5435 -0.5374 -1.2598, -0.638 -0.6319 -1.2598, -0.5435 -0.6319 -1.2598, -0.7167 -0.4587 -1.0435, -0.4648 -0.4587 -1.0435, -0.7167 -0.7106 -1.0435, -0.4648 -0.7106 -1.0435, -0.4648 -0.7106 1.0984, -0.7167 -0.7106 1.0984, -0.4648 -0.7815 1.0984, -0.7167 -0.7815 1.0984, -0.4648 -0.6454 1.0898, -0.7167 -0.6454 1.0898, -0.4648 -0.5846 1.0647, -0.7167 -0.5846 1.0647, -0.4648 -0.5325 1.0246, -0.7167 -0.5325 1.0246, -0.4648 -0.4924 0.9724, -0.7167 -0.4924 0.9724, -0.4648 -0.4672 0.9117, -0.7167 -0.4672 0.9117, -0.4648 -0.4587 0.8465, -0.7167 -0.4587 0.8465, -0.7167 -0.7106 0.8465, -0.4648 -0.7106 0.8465, -0.7167 -0.7815 0.8465, -0.4648 -0.7815 0.8465, -0.4648 -0.7106 0.1969, -0.7167 -0.7106 0.1969, -0.7167 -0.4587 0.1969, -0.4648 -0.4587 0.1969, -0.4648 -1.5492 1.0984, -0.4648 -2.9667 1.0984, -0.4648 -1.5492 0.8465, -0.4648 -2.9667 0.8465, -0.7167 -1.5492 0.8465, -0.7167 -2.9667 0.8465, -0.7167 -1.5492 1.0984, -0.7167 -2.9667 1.0984, -0.5435 -3.1831 1.0197, -0.638 -3.1831 1.0197, -0.5435 -3.1831 0.9252, -0.638 -3.1831 0.9252, 0.6376 0.6437 -1.2598, 0.7163 0.7224 -1.0435, 0.6376 0.5492 -1.2598, 0.7163 0.4705 -1.0435, 0.4644 0.7224 -1.0435, 0.5431 0.6437 -1.2598, 0.5431 0.5492 -1.2598, 0.4644 0.4705 -1.0435, 0.7163 0.7224 1.689, 0.4644 0.7224 1.689, 0.4644 0.7076 1.8204, 0.7163 0.7076 1.8204, 0.4644 0.664 1.9452, 0.7163 0.664 1.9452, 0.4644 0.5936 2.0572, 0.7163 0.5936 2.0572, 0.4644 0.5001 2.1507, 0.7163 0.5001 2.1507, 0.4644 0.3881 2.221, 0.7163 0.3881 2.221, 0.4644 0.2633 2.2647, 0.7163 0.2633 2.2647, 0.4644 0.1319 2.2795, 0.7163 0.1319 2.2795, 0.7163 0.1319 2.0276, 0.4644 0.1319 2.0276, 0.7163 0.2195 2.016, 0.4644 0.2195 2.016, 0.7163 0.3012 1.9822, 0.4644 0.3012 1.9822, 0.7163 0.3713 1.9284, 0.4644 0.3713 1.9284, 0.7163 0.4251 1.8583, 0.4644 0.4251 1.8583, 0.7163 0.4589 1.7766, 0.4644 0.4589 1.7766, 0.7163 0.4705 1.689, 0.4644 0.4705 1.689, 0.4644 -0.4272 2.0276, 0.4644 -0.4272 2.2795, 0.7163 -0.4272 2.0276, 0.7163 -0.4272 2.2795, 0.7163 -0.7815 2.0276, 0.4644 -0.7815 2.0276, 0.7163 -0.7815 2.2795, 0.4644 -0.7815 2.2795, 0.5431 -3.1831 2.2008, 0.5431 -3.1831 2.1063, 0.6376 -3.1831 2.2008, 0.6376 -3.1831 2.1063, 0.7163 -1.5492 2.0276, 0.7163 -2.9667 2.0276, 0.4644 -1.5492 2.0276, 0.4644 -2.9667 2.0276, 0.7163 -1.5492 2.2795, 0.7163 -2.9667 2.2795, 0.4644 -1.5492 2.2795, 0.4644 -2.9667 2.2795, 0.5431 -0.5374 -1.2598, 0.6376 -0.5374 -1.2598, 0.5431 -0.6319 -1.2598, 0.6376 -0.6319 -1.2598, 0.4644 -0.4587 -1.0435, 0.7163 -0.4587 -1.0435, 0.4644 -0.7106 -1.0435, 0.7163 -0.7106 -1.0435, 0.7163 -0.7106 1.0984, 0.4644 -0.7106 1.0984, 0.7163 -0.7815 1.0984, 0.4644 -0.7815 1.0984, 0.7163 -0.6454 1.0898, 0.4644 -0.6454 1.0898, 0.7163 -0.5846 1.0647, 0.4644 -0.5846 1.0647, 0.7163 -0.5325 1.0246, 0.4644 -0.5325 1.0246, 0.7163 -0.4924 0.9724, 0.4644 -0.4924 0.9724, 0.7163 -0.4672 0.9117, 0.4644 -0.4672 0.9117, 0.7163 -0.4587 0.8465, 0.4644 -0.4587 0.8465, 0.4644 -0.7106 0.8465, 0.7163 -0.7106 0.8465, 0.4644 -0.7815 0.8465, 0.7163 -0.7815 0.8465, 0.7163 -0.7106 0.1969, 0.4644 -0.7106 0.1969, 0.7163 -0.4587 0.1969, 0.4644 -0.4587 0.1969, 0.7163 -1.5492 1.0984, 0.7163 -2.9667 1.0984, 0.7163 -1.5492 0.8465, 0.7163 -2.9667 0.8465, 0.4644 -1.5492 0.8465, 0.4644 -2.9667 0.8465, 0.4644 -1.5492 1.0984, 0.4644 -2.9667 1.0984, 0.6376 -3.1831 1.0197, 0.5431 -3.1831 1.0197, 0.6376 -3.1831 0.9252, 0.5431 -3.1831 0.9252
            ]
        }
        coordIndex [
            0,1,2,-1,2,1,3,-1,4,3,5,-1,5,3,1,-1,6,2,4,-1,4,2,3,-1,7,0,6,-1,6,0,2,-1,0,7,1,-1,1,7,5,-1,5,7,8,-1,8,7,9,-1,7,6,9,-1,9,6,10,-1,6,4,10,-1,10,4,11,-1,4,5,11,-1,11,5,8,-1,12,13,14,-1,14,13,15,-1,12,16,13,-1,13,16,17,-1,18,14,19,-1,19,14,15,-1,13,17,15,-1,15,17,19,-1,14,18,12,-1,12,18,16,-1,20,21,22,-1,22,21,23,-1,21,20,24,-1,21,24,25,-1,25,24,26,-1,25,26,27,-1,27,26,28,-1,27,28,29,-1,29,28,30,-1,29,30,31,-1,31,30,32,-1,31,32,33,-1,33,32,34,-1,33,34,35,-1,36,37,38,-1,38,37,39,-1,37,36,40,-1,40,36,41,-1,40,41,19,-1,19,41,18,-1,35,34,42,-1,42,34,43,-1,42,43,16,-1,16,43,17,-1,44,45,46,-1,46,45,47,-1,48,49,50,-1,50,49,51,-1,50,51,44,-1,44,51,45,-1,46,47,48,-1,48,47,49,-1,52,53,54,-1,54,53,55,-1,49,55,51,-1,51,55,53,-1,47,54,49,-1,49,54,55,-1,52,45,53,-1,53,45,51,-1,45,52,47,-1,47,52,54,-1,56,57,58,-1,58,57,59,-1,57,56,60,-1,60,56,61,-1,58,59,62,-1,62,59,63,-1,62,63,61,-1,61,63,60,-1,64,65,66,-1,64,66,67,-1,67,66,68,-1,67,68,69,-1,69,68,70,-1,69,70,71,-1,71,70,72,-1,71,72,73,-1,73,72,74,-1,73,74,75,-1,75,74,76,-1,75,76,77,-1,77,76,78,-1,77,78,79,-1,80,81,82,-1,82,81,83,-1,82,83,84,-1,84,83,85,-1,84,85,86,-1,86,85,87,-1,86,87,88,-1,88,87,89,-1,88,89,90,-1,90,89,91,-1,90,91,92,-1,92,91,93,-1,58,62,56,-1,56,62,61,-1,59,92,63,-1,63,92,93,-1,60,65,57,-1,57,65,64,-1,85,72,87,-1,87,72,70,-1,87,70,89,-1,89,70,68,-1,89,68,91,-1,91,68,66,-1,91,66,93,-1,93,66,65,-1,93,65,63,-1,63,65,60,-1,94,95,81,-1,81,95,78,-1,81,78,83,-1,83,78,76,-1,83,76,85,-1,85,76,74,-1,85,74,72,-1,59,57,92,-1,92,57,64,-1,92,64,90,-1,90,64,67,-1,90,67,88,-1,88,67,69,-1,88,69,86,-1,69,71,86,-1,86,71,73,-1,86,73,84,-1,84,73,75,-1,84,75,82,-1,82,75,77,-1,82,77,80,-1,80,77,79,-1,80,79,96,-1,96,79,97,-1,98,99,96,-1,96,99,94,-1,96,94,80,-1,80,94,81,-1,79,78,97,-1,97,78,95,-1,97,95,100,-1,100,95,101,-1,102,103,104,-1,104,103,105,-1,106,107,108,-1,108,107,109,-1,110,111,106,-1,106,111,107,-1,112,113,110,-1,110,113,111,-1,108,109,112,-1,112,109,113,-1,107,105,109,-1,109,105,103,-1,111,104,107,-1,107,104,105,-1,102,113,103,-1,103,113,109,-1,113,102,111,-1,111,102,104,-1,114,115,116,-1,116,115,117,-1,114,118,115,-1,115,118,119,-1,120,116,121,-1,121,116,117,-1,115,119,117,-1,117,119,121,-1,116,120,114,-1,114,120,118,-1,122,123,124,-1,124,123,125,-1,123,122,126,-1,123,126,127,-1,127,126,128,-1,127,128,129,-1,129,128,130,-1,129,130,131,-1,131,130,132,-1,131,132,133,-1,133,132,134,-1,133,134,135,-1,135,134,136,-1,135,136,137,-1,138,139,140,-1,140,139,141,-1,139,138,142,-1,142,138,143,-1,142,143,121,-1,121,143,120,-1,119,118,144,-1,144,118,145,-1,144,145,136,-1,136,145,137,-1,146,147,148,-1,148,147,149,-1,150,151,152,-1,152,151,153,-1,152,153,146,-1,146,153,147,-1,148,149,150,-1,150,149,151,-1,154,155,156,-1,156,155,157,-1,151,157,153,-1,153,157,155,-1,149,156,151,-1,151,156,157,-1,154,147,155,-1,155,147,153,-1,147,154,149,-1,149,154,156,-1,
        ]
    }
}
Shape{
    appearance Appearance {
        material  Material 	{
            diffuseColor 0.17647058823529413 0.17647058823529413 0.17647058823529413
            specularColor 0.011764705882352941 0.011764705882352941 0.011764705882352941
            ambientIntensity 0.251
            transparency 0.0
            shininess 0.5
        }
    }
    geometry IndexedFaceSet {
        ccw TRUE
        solid FALSE
        coord DEF co Coordinate {
            point [
                1.2715 -4.0492 2.9134, 1.3502 -3.9705 2.8346, 1.2715 -0.1122 2.9134, 1.3502 -0.1122 2.8346, 1.2715 -4.0492 0.1969, 1.3502 -3.9705 0.2756, 1.2715 -0.1516 0.1969, 1.3502 -0.2303 0.2756, -1.3506 -3.9705 2.8346, -1.2719 -4.0492 2.9134, -1.3506 -0.1122 2.8346, -1.2719 -0.1122 2.9134, -1.3506 -3.9705 0.2756, -1.2719 -4.0492 0.1969, -1.3506 -0.2303 0.2756, -1.2719 -0.1516 0.1969
            ]
        }
        coordIndex [
            0,1,2,-1,2,1,3,-1,4,5,0,-1,0,5,1,-1,6,7,4,-1,4,7,5,-1,8,9,10,-1,10,9,11,-1,12,13,8,-1,8,13,9,-1,14,15,12,-1,12,15,13,-1,
        ]
    }
}
Shape{
    appearance Appearance {
        material  Material 	{
            diffuseColor 1.0 1.0 1.0
            specularColor 0.5019607843137255 0.5019607843137255 0.5019607843137255
            ambientIntensity 1.0
            transparency 0.0
            shininess 0.5
        }
    }
    geometry IndexedFaceSet {
        ccw TRUE
        solid FALSE
        coord DEF co Coordinate {
            point [
                1.3506 -1.6153 0.9092, 1.3506 -1.6153 0.8955, 1.3502 -1.6153 0.9092, 1.3502 -1.6153 0.8955, 1.3506 -1.6631 0.9092, 1.3502 -1.6631 0.9092, 1.3506 -1.6631 1.0156, 1.3502 -1.6631 1.0156, 1.3506 -1.6786 1.0156, 1.3502 -1.6786 1.0156, 1.3506 -1.6786 0.8955, 1.3502 -1.6786 0.8955, 1.3502 -1.5205 0.9005, 1.3506 -1.5205 0.9005, 1.3506 -1.5225 0.8995, 1.3506 -1.5354 0.8952, 1.3506 -1.5537 0.8935, 1.3502 -1.5431 0.8945, 1.3502 -1.5537 0.8935, 1.3502 -1.5354 0.8952, 1.3502 -1.5256 0.8985, 1.3502 -1.5225 0.8995, 1.3506 -1.5205 0.9153, 1.3502 -1.5205 0.9153, 1.3502 -1.5256 0.913, 1.3506 -1.5323 0.91, 1.3502 -1.5323 0.91, 1.3502 -1.5459 0.9075, 1.3506 -1.5459 0.9075, 1.3502 -1.5515 0.9073, 1.3506 -1.5515 0.9073, 1.3502 -1.5619 0.9084, 1.3506 -1.5619 0.9084, 1.3502 -1.5708 0.9114, 1.3506 -1.5708 0.9114, 1.3502 -1.5789 0.9167, 1.3506 -1.5789 0.9167, 1.3502 -1.5823 0.92, 1.3506 -1.5823 0.92, 1.3502 -1.5878 0.9274, 1.3506 -1.5878 0.9274, 1.3502 -1.5918 0.9369, 1.3506 -1.5918 0.9369, 1.3502 -1.5939 0.9487, 1.3506 -1.5939 0.9487, 1.3502 -1.5941 0.9542, 1.3506 -1.5941 0.9542, 1.3502 -1.5921 0.9707, 1.3506 -1.5921 0.9707, 1.3502 -1.5881 0.9811, 1.3506 -1.5881 0.9811, 1.3502 -1.5823 0.9894, 1.3506 -1.5823 0.9894, 1.3502 -1.5815 0.9903, 1.3506 -1.5815 0.9903, 1.3502 -1.5741 0.9965, 1.3506 -1.5741 0.9965, 1.3502 -1.5648 1.0011, 1.3506 -1.5648 1.0011, 1.3502 -1.5545 1.0034, 1.3506 -1.5545 1.0034, 1.3502 -1.5488 1.0036, 1.3506 -1.5488 1.0036, 1.3502 -1.5205 0.9965, 1.3506 -1.5205 0.9965, 1.3506 -1.5218 0.9972, 1.3502 -1.534 1.0019, 1.3506 -1.534 1.0019, 1.3502 -1.5256 0.9987, 1.3502 -1.5218 0.9972, 1.3506 -1.5205 1.0127, 1.3502 -1.5205 1.0127, 1.3502 -1.5256 1.0142, 1.3506 -1.5332 1.0164, 1.3502 -1.5489 1.0176, 1.3506 -1.5489 1.0176, 1.3502 -1.536 1.0166, 1.3502 -1.5332 1.0164, 1.3502 -1.5573 1.0166, 1.3506 -1.5663 1.0155, 1.3502 -1.5663 1.0155, 1.3502 -1.5788 1.0107, 1.3506 -1.5788 1.0107, 1.3502 -1.5901 1.0028, 1.3506 -1.5901 1.0028, 1.3502 -1.593 1.0, 1.3506 -1.593 1.0, 1.3502 -1.6017 0.9886, 1.3506 -1.6017 0.9886, 1.3502 -1.605 0.9809, 1.3506 -1.6074 0.9752, 1.3502 -1.6074 0.9752, 1.3502 -1.6102 0.9596, 1.3506 -1.6102 0.9596, 1.3502 -1.6104 0.9533, 1.3506 -1.6104 0.9533, 1.3502 -1.608 0.9338, 1.3506 -1.608 0.9338, 1.3502 -1.605 0.926, 1.3506 -1.6031 0.9212, 1.3502 -1.6031 0.9212, 1.3502 -1.596 0.911, 1.3506 -1.596 0.911, 1.3502 -1.595 0.9099, 1.3506 -1.595 0.9099, 1.3506 -1.561 0.8938, 1.3502 -1.5853 0.9019, 1.3506 -1.5853 0.9019, 1.3502 -1.574 0.8965, 1.3506 -1.574 0.8965, 1.3502 -1.5642 0.8945, 1.3502 -1.561 0.8938, 1.3506 -1.4318 0.9092, 1.3506 -1.4318 0.8955, 1.3502 -1.4318 0.9092, 1.3502 -1.4318 0.8955, 1.3502 -1.4809 0.9092, 1.3506 -1.4809 0.9092, 1.3502 -1.4485 0.9092, 1.3506 -1.4809 0.9496, 1.3502 -1.4809 0.9496, 1.3502 -1.438 0.9496, 1.3506 -1.438 0.9496, 1.3502 -1.4485 0.9496, 1.3506 -1.438 0.9634, 1.3502 -1.438 0.9634, 1.3502 -1.4809 0.9634, 1.3506 -1.4809 0.9634, 1.3502 -1.4485 0.9634, 1.3506 -1.4809 1.0018, 1.3502 -1.4809 1.0018, 1.3502 -1.4346 1.0018, 1.3506 -1.4346 1.0018, 1.3502 -1.4485 1.0018, 1.3506 -1.4346 1.0156, 1.3502 -1.4346 1.0156, 1.3502 -1.4964 1.0156, 1.3506 -1.4964 1.0156, 1.3502 -1.4485 1.0156, 1.3506 -1.4964 0.8955, 1.3502 -1.4964 0.8955, 1.3502 -1.4485 0.8955, 1.3506 -1.3295 0.9123, 1.3506 -1.3419 0.9204, 1.3506 -1.342 0.9033, 1.3506 -1.3496 0.915, 1.3506 -1.3557 0.898, 1.3506 -1.3596 0.9112, 1.3506 -1.3761 0.8955, 1.3506 -1.3762 0.9092, 1.3506 -1.4091 0.8955, 1.3506 -1.3936 0.9092, 1.3506 -1.4091 1.0156, 1.3506 -1.3936 1.0018, 1.3506 -1.3749 1.0156, 1.3506 -1.3755 1.0018, 1.3506 -1.3742 1.0018, 1.3506 -1.3565 1.0136, 1.3506 -1.3589 0.9998, 1.3506 -1.342 1.0083, 1.3506 -1.3486 0.9958, 1.3506 -1.3295 0.9997, 1.3506 -1.3408 0.9905, 1.3506 -1.3252 0.9956, 1.3506 -1.3375 0.9872, 1.3506 -1.3178 0.9851, 1.3506 -1.3328 0.9805, 1.3506 -1.3133 0.9736, 1.3506 -1.3294 0.9717, 1.3506 -1.3113 0.9571, 1.3506 -1.3277 0.9567, 1.3506 -1.3117 0.9494, 1.3506 -1.3281 0.9484, 1.3506 -1.3146 0.9354, 1.3506 -1.3306 0.9375, 1.3506 -1.3205 0.923, 1.3506 -1.3348 0.9287, 1.3506 -1.3405 0.9217, 1.3502 -1.3761 0.8955, 1.3502 -1.4091 0.8955, 1.3502 -1.3557 0.898, 1.3502 -1.342 0.9033, 1.3502 -1.3295 0.9123, 1.3502 -1.3205 0.923, 1.3502 -1.3146 0.9354, 1.3502 -1.3117 0.9494, 1.3502 -1.3113 0.9571, 1.3502 -1.3133 0.9736, 1.3502 -1.3178 0.9851, 1.3502 -1.3252 0.9956, 1.3502 -1.3295 0.9997, 1.3502 -1.342 1.0083, 1.3502 -1.3565 1.0136, 1.3502 -1.3749 1.0156, 1.3502 -1.4091 1.0156, 1.3502 -1.3755 1.0018, 1.3502 -1.3936 1.0018, 1.3502 -1.3936 0.9092, 1.3502 -1.3762 0.9092, 1.3502 -1.3405 0.9217, 1.3502 -1.3419 0.9204, 1.3502 -1.3496 0.915, 1.3502 -1.3596 0.9112, 1.3502 -1.3277 0.9567, 1.3502 -1.3281 0.9484, 1.3502 -1.3306 0.9375, 1.3502 -1.3348 0.9287, 1.3502 -1.3408 0.9905, 1.3502 -1.3375 0.9872, 1.3502 -1.3328 0.9805, 1.3502 -1.3294 0.9717, 1.3502 -1.3742 1.0018, 1.3502 -1.3589 0.9998, 1.3502 -1.3486 0.9958
            ]
        }
        coordIndex [
            0,1,2,-1,2,1,3,-1,4,0,5,-1,5,0,2,-1,6,4,7,-1,7,4,5,-1,8,6,9,-1,9,6,7,-1,10,8,11,-1,11,8,9,-1,1,10,3,-1,3,10,11,-1,6,8,4,-1,4,8,10,-1,4,10,0,-1,0,10,1,-1,12,13,14,-1,15,16,17,-1,17,16,18,-1,17,19,15,-1,15,19,20,-1,15,20,14,-1,14,20,21,-1,14,21,12,-1,22,13,23,-1,23,13,12,-1,22,23,24,-1,22,24,25,-1,24,26,25,-1,25,26,27,-1,25,27,28,-1,28,27,29,-1,28,29,30,-1,30,29,31,-1,30,31,32,-1,32,31,33,-1,32,33,34,-1,34,33,35,-1,34,35,36,-1,36,35,37,-1,36,37,38,-1,38,37,39,-1,38,39,40,-1,40,39,41,-1,40,41,42,-1,42,41,43,-1,42,43,44,-1,44,43,45,-1,44,45,46,-1,46,45,47,-1,46,47,48,-1,48,47,49,-1,48,49,50,-1,50,49,51,-1,50,51,52,-1,52,51,53,-1,52,53,54,-1,54,53,55,-1,54,55,56,-1,56,55,57,-1,56,57,58,-1,58,57,59,-1,58,59,60,-1,60,59,61,-1,60,61,62,-1,63,64,65,-1,62,61,66,-1,62,66,67,-1,67,66,68,-1,67,68,65,-1,65,68,69,-1,65,69,63,-1,70,64,71,-1,71,64,63,-1,70,71,72,-1,70,72,73,-1,74,75,76,-1,76,75,73,-1,76,73,77,-1,77,73,72,-1,75,74,78,-1,75,78,79,-1,78,80,79,-1,79,80,81,-1,79,81,82,-1,82,81,83,-1,82,83,84,-1,84,83,85,-1,84,85,86,-1,86,85,87,-1,86,87,88,-1,88,87,89,-1,88,89,90,-1,89,91,90,-1,90,91,92,-1,90,92,93,-1,93,92,94,-1,93,94,95,-1,95,94,96,-1,95,96,97,-1,97,96,98,-1,97,98,99,-1,98,100,99,-1,99,100,101,-1,99,101,102,-1,102,101,103,-1,102,103,104,-1,18,16,105,-1,104,103,106,-1,104,106,107,-1,107,106,108,-1,107,108,109,-1,109,108,110,-1,109,110,105,-1,105,110,111,-1,105,111,18,-1,56,58,79,-1,48,50,88,-1,88,50,86,-1,79,58,75,-1,95,46,93,-1,93,46,48,-1,93,48,90,-1,90,48,88,-1,58,60,75,-1,75,60,62,-1,75,62,73,-1,73,62,67,-1,73,67,70,-1,70,67,65,-1,70,65,64,-1,13,22,14,-1,14,22,25,-1,14,25,15,-1,15,25,28,-1,15,28,16,-1,16,28,30,-1,16,30,105,-1,105,30,32,-1,105,32,109,-1,109,32,34,-1,109,34,107,-1,107,34,36,-1,107,36,104,-1,104,36,38,-1,104,38,102,-1,102,38,40,-1,102,40,99,-1,99,40,97,-1,97,40,42,-1,97,42,95,-1,95,42,44,-1,95,44,46,-1,50,52,86,-1,86,52,54,-1,86,54,84,-1,84,54,56,-1,84,56,82,-1,82,56,79,-1,112,113,114,-1,114,113,115,-1,116,117,118,-1,118,117,112,-1,118,112,114,-1,119,117,120,-1,120,117,116,-1,121,122,123,-1,123,122,119,-1,123,119,120,-1,124,122,125,-1,125,122,121,-1,126,127,128,-1,128,127,124,-1,128,124,125,-1,129,127,130,-1,130,127,126,-1,131,132,133,-1,133,132,129,-1,133,129,130,-1,134,132,135,-1,135,132,131,-1,136,137,138,-1,138,137,134,-1,138,134,135,-1,139,137,140,-1,140,137,136,-1,115,113,141,-1,141,113,139,-1,141,139,140,-1,139,113,112,-1,112,117,139,-1,139,117,119,-1,139,119,137,-1,132,134,129,-1,129,134,137,-1,129,137,127,-1,127,137,119,-1,127,119,124,-1,124,119,122,-1,142,143,144,-1,144,143,145,-1,144,145,146,-1,146,145,147,-1,146,147,148,-1,148,147,149,-1,148,149,150,-1,150,149,151,-1,150,151,152,-1,152,151,153,-1,152,153,154,-1,153,155,154,-1,154,155,156,-1,154,156,157,-1,157,156,158,-1,157,158,159,-1,159,158,160,-1,159,160,161,-1,161,160,162,-1,161,162,163,-1,163,162,164,-1,163,164,165,-1,165,164,166,-1,165,166,167,-1,167,166,168,-1,167,168,169,-1,169,168,170,-1,169,170,171,-1,171,170,172,-1,171,172,173,-1,173,172,174,-1,173,174,175,-1,175,174,176,-1,175,176,142,-1,142,176,177,-1,142,177,143,-1,148,150,178,-1,178,150,179,-1,148,178,180,-1,148,180,146,-1,146,180,181,-1,146,181,144,-1,144,181,182,-1,144,182,142,-1,142,182,183,-1,142,183,175,-1,175,183,184,-1,175,184,173,-1,173,184,185,-1,173,185,171,-1,171,185,186,-1,171,186,169,-1,169,186,187,-1,169,187,167,-1,167,187,188,-1,167,188,165,-1,165,188,189,-1,165,189,163,-1,163,189,190,-1,163,190,161,-1,161,190,191,-1,161,191,159,-1,159,191,192,-1,159,192,157,-1,157,192,193,-1,157,193,154,-1,152,154,194,-1,194,154,193,-1,150,152,179,-1,179,152,194,-1,155,153,195,-1,195,153,196,-1,153,151,196,-1,196,151,197,-1,151,149,197,-1,197,149,198,-1,177,199,200,-1,177,200,143,-1,143,200,201,-1,143,201,145,-1,145,201,202,-1,145,202,147,-1,147,202,198,-1,147,198,149,-1,170,203,204,-1,170,204,172,-1,172,204,205,-1,172,205,174,-1,174,205,206,-1,174,206,176,-1,176,206,199,-1,176,199,177,-1,162,207,208,-1,162,208,164,-1,164,208,209,-1,164,209,166,-1,166,209,210,-1,166,210,168,-1,168,210,203,-1,168,203,170,-1,155,195,211,-1,155,211,156,-1,156,211,212,-1,156,212,158,-1,158,212,213,-1,158,213,160,-1,160,213,207,-1,160,207,162,-1,
        ]
    }
}
Shape{
    appearance Appearance {
        material  Material 	{
            diffuseColor 0.17647058823529413 0.17647058823529413 0.17647058823529413
            specularColor 0.011764705882352941 0.011764705882352941 0.011764705882352941
            ambientIntensity 0.251
            transparency 0.0
            shininess 0.5
        }
    }
    geometry IndexedFaceSet {
        ccw TRUE
        solid FALSE
        coord DEF co Coordinate {
            point [
                1.3502 -1.3496 0.915, 1.3502 -1.3419 0.9204, 1.3502 -1.3742 1.0018, 1.3502 -1.3936 1.0018, 1.3502 -1.3936 0.9092, 1.3502 -1.3755 1.0018, 1.3502 -1.3762 0.9092, 1.3502 -1.3596 0.9112, 1.3502 -1.3405 0.9217, 1.3502 -1.3348 0.9287, 1.3502 -1.3306 0.9375, 1.3502 -1.3277 0.9567, 1.3502 -1.3408 0.9905, 1.3502 -1.3486 0.9958, 1.3502 -1.3294 0.9717, 1.3502 -1.3328 0.9805, 1.3502 -1.3375 0.9872, 1.3502 -1.3281 0.9484, 1.3502 -1.3589 0.9998
            ]
        }
        coordIndex [
            0,1,2,-1,3,4,5,-1,5,4,6,-1,5,6,2,-1,2,6,7,-1,2,7,0,-1,1,8,2,-1,2,8,9,-1,2,9,10,-1,11,12,13,-1,14,15,11,-1,11,15,16,-1,11,16,12,-1,10,17,2,-1,2,17,11,-1,2,11,18,-1,18,11,13,-1,
        ]
    }
}
Shape{
    appearance Appearance {
        material  Material 	{
            diffuseColor 1.0 1.0 1.0
            specularColor 0.5019607843137255 0.5019607843137255 0.5019607843137255
            ambientIntensity 1.0
            transparency 0.0
            shininess 0.5
        }
    }
    geometry IndexedFaceSet {
        ccw TRUE
        solid FALSE
        coord DEF co Coordinate {
            point [
                1.3506 -1.2711 0.9419, 1.3506 -1.276 0.9284, 1.3506 -1.2308 0.9419, 1.3506 -1.226 0.9284, 1.3506 -1.2531 0.9919, 1.3506 -1.2589 1.0156, 1.3506 -1.3047 0.8955, 1.3506 -1.2876 0.8955, 1.3506 -1.2521 0.9954, 1.3506 -1.2512 1.0003, 1.3506 -1.2424 1.0156, 1.3506 -1.2508 1.0003, 1.3506 -1.2498 0.9952, 1.3506 -1.2489 0.9919, 1.3506 -1.1966 0.8955, 1.3506 -1.2137 0.8955, 1.3502 -1.2424 1.0156, 1.3502 -1.1966 0.8955, 1.3502 -1.2589 1.0156, 1.3502 -1.3047 0.8955, 1.3502 -1.2701 0.9864, 1.3502 -1.2876 0.8955, 1.3502 -1.276 0.9284, 1.3502 -1.226 0.9284, 1.3502 -1.2701 0.9284, 1.3502 -1.2137 0.8955, 1.3502 -1.2711 0.9419, 1.3502 -1.2308 0.9419, 1.3502 -1.2489 0.9919, 1.3502 -1.2508 1.0003, 1.3502 -1.2498 0.9952, 1.3502 -1.2512 1.0003, 1.3502 -1.2531 0.9919, 1.3502 -1.2521 0.9954
            ]
        }
        coordIndex [
            0,1,2,-1,2,1,3,-1,4,5,0,-1,0,5,6,-1,0,6,1,-1,1,6,7,-1,4,8,5,-1,5,8,9,-1,5,9,10,-1,10,9,11,-1,10,11,12,-1,12,13,10,-1,10,13,2,-1,10,2,14,-1,14,2,3,-1,14,3,15,-1,10,14,16,-1,16,14,17,-1,5,10,18,-1,18,10,16,-1,19,6,20,-1,20,6,5,-1,20,5,18,-1,7,6,21,-1,21,6,19,-1,1,7,22,-1,22,7,21,-1,23,3,24,-1,24,3,1,-1,24,1,22,-1,15,3,25,-1,25,3,23,-1,14,15,17,-1,17,15,25,-1,0,2,26,-1,26,2,27,-1,2,13,27,-1,27,13,28,-1,11,29,30,-1,11,30,12,-1,12,30,28,-1,12,28,13,-1,11,9,29,-1,29,9,31,-1,4,32,33,-1,4,33,8,-1,8,33,31,-1,8,31,9,-1,4,0,32,-1,32,0,26,-1,
        ]
    }
}
Shape{
    appearance Appearance {
        material  Material 	{
            diffuseColor 0.17647058823529413 0.17647058823529413 0.17647058823529413
            specularColor 0.011764705882352941 0.011764705882352941 0.011764705882352941
            ambientIntensity 0.251
            transparency 0.0
            shininess 0.5
        }
    }
    geometry IndexedFaceSet {
        ccw TRUE
        solid FALSE
        coord DEF co Coordinate {
            point [
                1.3502 -1.2508 1.0003, 1.3502 -1.2512 1.0003, 1.3502 -1.2498 0.9952, 1.3502 -1.2521 0.9954, 1.3502 -1.2489 0.9919, 1.3502 -1.2531 0.9919, 1.3502 -1.2308 0.9419, 1.3502 -1.2711 0.9419
            ]
        }
        coordIndex [
            0,1,2,-1,2,1,3,-1,2,3,4,-1,4,3,5,-1,4,5,6,-1,6,5,7,-1,
        ]
    }
}
Shape{
    appearance Appearance {
        material  Material 	{
            diffuseColor 1.0 1.0 1.0
            specularColor 0.5019607843137255 0.5019607843137255 0.5019607843137255
            ambientIntensity 1.0
            transparency 0.0
            shininess 0.5
        }
    }
    geometry IndexedFaceSet {
        ccw TRUE
        solid FALSE
        coord DEF co Coordinate {
            point [
                1.3506 -1.614 0.7187, 1.3506 -1.614 0.705, 1.3502 -1.614 0.7187, 1.3502 -1.614 0.705, 1.3506 -1.6631 0.7187, 1.3502 -1.6631 0.7187, 1.3506 -1.6631 0.7591, 1.3502 -1.6631 0.7591, 1.3506 -1.6202 0.7591, 1.3502 -1.6202 0.7591, 1.3506 -1.6202 0.7728, 1.3502 -1.6202 0.7728, 1.3506 -1.6631 0.7728, 1.3502 -1.6631 0.7728, 1.3506 -1.6631 0.8113, 1.3502 -1.6631 0.8113, 1.3506 -1.6168 0.8113, 1.3502 -1.6168 0.8113, 1.3506 -1.6168 0.8251, 1.3502 -1.6168 0.8251, 1.3506 -1.6786 0.8251, 1.3502 -1.6786 0.8251, 1.3506 -1.6786 0.705, 1.3502 -1.6786 0.705, 1.3506 -1.5462 0.7182, 1.3506 -1.5458 0.7182, 1.3506 -1.5467 0.7321, 1.3506 -1.5458 0.7388, 1.3506 -1.5307 0.7602, 1.3506 -1.5458 0.7398, 1.3506 -1.5458 0.748, 1.3506 -1.5458 0.705, 1.3506 -1.5307 0.705, 1.3506 -1.5843 0.7316, 1.3506 -1.5835 0.735, 1.3506 -1.5964 0.7419, 1.3506 -1.5489 0.7267, 1.3506 -1.5522 0.7223, 1.3506 -1.55 0.7128, 1.3506 -1.5541 0.7205, 1.3506 -1.555 0.7082, 1.3506 -1.5583 0.7176, 1.3506 -1.5579 0.7064, 1.3506 -1.5629 0.7159, 1.3506 -1.5639 0.704, 1.3506 -1.5685 0.7153, 1.3506 -1.5724 0.703, 1.3506 -1.5736 0.7159, 1.3506 -1.5814 0.704, 1.3506 -1.577 0.7171, 1.3506 -1.5872 0.7062, 1.3506 -1.58 0.7192, 1.3506 -1.5923 0.7097, 1.3506 -1.5813 0.7205, 1.3506 -1.5933 0.7461, 1.3506 -1.5822 0.7378, 1.3506 -1.5886 0.7501, 1.3506 -1.5804 0.74, 1.3506 -1.582 0.7534, 1.3506 -1.5786 0.7414, 1.3506 -1.5752 0.7431, 1.3506 -1.5712 0.7559, 1.3506 -1.5658 0.7453, 1.3506 -1.5458 0.7595, 1.3506 -1.5985 0.7366, 1.3506 -1.5996 0.7302, 1.3506 -1.5844 0.7292, 1.3506 -1.5996 0.7279, 1.3506 -1.584 0.7257, 1.3506 -1.5989 0.7211, 1.3506 -1.583 0.723, 1.3506 -1.5971 0.716, 1.3506 -1.5939 0.7114, 1.3506 -1.5913 0.7847, 1.3506 -1.5913 0.7701, 1.3506 -1.5881 0.7866, 1.3506 -1.5825 0.7759, 1.3506 -1.5769 0.7909, 1.3506 -1.5731 0.7794, 1.3506 -1.5617 0.7927, 1.3506 -1.5631 0.7805, 1.3506 -1.5524 0.7918, 1.3506 -1.558 0.78, 1.3506 -1.5461 0.7899, 1.3506 -1.5545 0.7788, 1.3506 -1.5411 0.787, 1.3506 -1.5519 0.777, 1.3506 -1.5372 0.7831, 1.3506 -1.5496 0.7746, 1.3506 -1.5341 0.7782, 1.3506 -1.5478 0.7715, 1.3506 -1.5318 0.7712, 1.3506 -1.5463 0.7662, 1.3502 -1.5617 0.7927, 1.3502 -1.5769 0.7909, 1.3502 -1.5881 0.7866, 1.3502 -1.5913 0.7847, 1.3502 -1.5913 0.7701, 1.3502 -1.5825 0.7759, 1.3502 -1.5731 0.7794, 1.3502 -1.5631 0.7805, 1.3502 -1.558 0.78, 1.3502 -1.5545 0.7788, 1.3502 -1.5519 0.777, 1.3502 -1.5496 0.7746, 1.3502 -1.5478 0.7715, 1.3502 -1.5463 0.7662, 1.3502 -1.5458 0.7595, 1.3502 -1.5712 0.7559, 1.3502 -1.582 0.7534, 1.3502 -1.5886 0.7501, 1.3502 -1.5933 0.7461, 1.3502 -1.5964 0.7419, 1.3502 -1.5985 0.7366, 1.3502 -1.5996 0.7302, 1.3502 -1.5996 0.7279, 1.3502 -1.5989 0.7211, 1.3502 -1.5971 0.716, 1.3502 -1.5939 0.7114, 1.3502 -1.5923 0.7097, 1.3502 -1.5724 0.703, 1.3502 -1.5812 0.704, 1.3502 -1.5814 0.704, 1.3502 -1.5872 0.7062, 1.3502 -1.5642 0.704, 1.3502 -1.5639 0.704, 1.3502 -1.5579 0.7064, 1.3502 -1.555 0.7082, 1.3502 -1.55 0.7128, 1.3502 -1.5462 0.7182, 1.3502 -1.5458 0.7182, 1.3502 -1.5458 0.705, 1.3502 -1.5307 0.705, 1.3502 -1.5307 0.7602, 1.3502 -1.5318 0.7712, 1.3502 -1.5341 0.7782, 1.3502 -1.5372 0.7831, 1.3502 -1.5411 0.787, 1.3502 -1.5461 0.7899, 1.3502 -1.5524 0.7918, 1.3502 -1.5804 0.74, 1.3502 -1.5786 0.7414, 1.3502 -1.5752 0.7431, 1.3502 -1.5658 0.7453, 1.3502 -1.5844 0.7292, 1.3502 -1.5843 0.7316, 1.3502 -1.5835 0.735, 1.3502 -1.5822 0.7378, 1.3502 -1.58 0.7192, 1.3502 -1.5813 0.7205, 1.3502 -1.583 0.723, 1.3502 -1.584 0.7257, 1.3502 -1.5685 0.7153, 1.3502 -1.5736 0.7159, 1.3502 -1.577 0.7171, 1.3502 -1.5522 0.7223, 1.3502 -1.5541 0.7205, 1.3502 -1.5583 0.7176, 1.3502 -1.5629 0.7159, 1.3502 -1.5458 0.7398, 1.3502 -1.5458 0.7388, 1.3502 -1.5467 0.7321, 1.3502 -1.5489 0.7267, 1.3502 -1.5458 0.748
            ]
        }
        coordIndex [
            0,1,2,-1,2,1,3,-1,4,0,5,-1,5,0,2,-1,6,4,7,-1,7,4,5,-1,8,6,9,-1,9,6,7,-1,10,8,11,-1,11,8,9,-1,12,10,13,-1,13,10,11,-1,14,12,15,-1,15,12,13,-1,16,14,17,-1,17,14,15,-1,18,16,19,-1,19,16,17,-1,20,18,21,-1,21,18,19,-1,22,20,23,-1,23,20,21,-1,1,22,3,-1,3,22,23,-1,16,18,14,-1,14,18,20,-1,14,20,12,-1,1,0,22,-1,22,0,4,-1,22,4,6,-1,8,10,6,-1,6,10,12,-1,6,12,22,-1,22,12,20,-1,24,25,26,-1,27,28,29,-1,29,28,30,-1,31,32,25,-1,25,32,28,-1,25,28,26,-1,26,28,27,-1,33,34,35,-1,26,36,24,-1,24,36,37,-1,24,37,38,-1,38,37,39,-1,38,39,40,-1,40,39,41,-1,40,41,42,-1,42,41,43,-1,42,43,44,-1,44,43,45,-1,44,45,46,-1,46,45,47,-1,46,47,48,-1,48,47,49,-1,48,49,50,-1,50,49,51,-1,50,51,52,-1,52,51,53,-1,35,34,54,-1,54,34,55,-1,54,55,56,-1,56,55,57,-1,56,57,58,-1,57,59,58,-1,58,59,60,-1,58,60,61,-1,61,60,62,-1,61,62,63,-1,35,64,33,-1,33,64,65,-1,33,65,66,-1,66,65,67,-1,66,67,68,-1,68,67,69,-1,68,69,70,-1,70,69,71,-1,70,71,53,-1,53,71,72,-1,53,72,52,-1,73,74,75,-1,75,74,76,-1,75,76,77,-1,77,76,78,-1,77,78,79,-1,79,78,80,-1,79,80,81,-1,81,80,82,-1,81,82,83,-1,83,82,84,-1,83,84,85,-1,85,84,86,-1,85,86,87,-1,87,86,88,-1,87,88,89,-1,89,88,90,-1,89,90,91,-1,91,90,92,-1,91,92,28,-1,28,92,63,-1,28,63,30,-1,30,63,62,-1,79,93,94,-1,79,94,77,-1,77,94,95,-1,77,95,75,-1,75,95,96,-1,75,96,73,-1,74,73,97,-1,97,73,96,-1,74,97,98,-1,74,98,76,-1,76,98,99,-1,76,99,78,-1,78,99,100,-1,78,100,80,-1,80,100,101,-1,80,101,82,-1,82,101,102,-1,82,102,84,-1,84,102,103,-1,84,103,86,-1,86,103,104,-1,86,104,88,-1,88,104,105,-1,88,105,90,-1,90,105,106,-1,90,106,92,-1,92,106,107,-1,92,107,63,-1,61,63,108,-1,108,63,107,-1,61,108,109,-1,61,109,58,-1,58,109,110,-1,58,110,56,-1,56,110,111,-1,56,111,54,-1,54,111,112,-1,54,112,35,-1,35,112,113,-1,35,113,64,-1,64,113,114,-1,64,114,65,-1,65,114,115,-1,65,115,67,-1,67,115,116,-1,67,116,69,-1,69,116,117,-1,69,117,71,-1,71,117,118,-1,71,118,72,-1,72,118,119,-1,72,119,52,-1,120,46,121,-1,121,46,48,-1,121,48,122,-1,122,48,50,-1,122,50,123,-1,123,50,52,-1,123,52,119,-1,46,120,44,-1,44,120,124,-1,124,125,44,-1,44,125,126,-1,44,126,42,-1,42,126,127,-1,42,127,40,-1,40,127,128,-1,40,128,38,-1,38,128,129,-1,38,129,24,-1,25,24,130,-1,130,24,129,-1,31,25,131,-1,131,25,130,-1,32,31,132,-1,132,31,131,-1,28,32,133,-1,133,32,132,-1,28,133,134,-1,28,134,91,-1,91,134,135,-1,91,135,89,-1,89,135,136,-1,89,136,87,-1,87,136,137,-1,87,137,85,-1,85,137,138,-1,85,138,83,-1,83,138,139,-1,83,139,81,-1,81,139,93,-1,81,93,79,-1,57,140,141,-1,57,141,59,-1,59,141,142,-1,59,142,60,-1,60,142,143,-1,60,143,62,-1,66,144,145,-1,66,145,33,-1,33,145,146,-1,33,146,34,-1,34,146,147,-1,34,147,55,-1,55,147,140,-1,55,140,57,-1,51,148,149,-1,51,149,53,-1,53,149,150,-1,53,150,70,-1,70,150,151,-1,70,151,68,-1,68,151,144,-1,68,144,66,-1,45,152,153,-1,45,153,47,-1,47,153,154,-1,47,154,49,-1,49,154,148,-1,49,148,51,-1,37,155,156,-1,37,156,39,-1,39,156,157,-1,39,157,41,-1,41,157,158,-1,41,158,43,-1,43,158,152,-1,43,152,45,-1,29,159,160,-1,29,160,27,-1,27,160,161,-1,27,161,26,-1,26,161,162,-1,26,162,36,-1,36,162,155,-1,36,155,37,-1,29,30,159,-1,159,30,163,-1,30,62,163,-1,163,62,143,-1,
        ]
    }
}
Shape{
    appearance Appearance {
        material  Material 	{
            diffuseColor 0.17647058823529413 0.17647058823529413 0.17647058823529413
            specularColor 0.011764705882352941 0.011764705882352941 0.011764705882352941
            ambientIntensity 0.251
            transparency 0.0
            shininess 0.5
        }
    }
    geometry IndexedFaceSet {
        ccw TRUE
        solid FALSE
        coord DEF co Coordinate {
            point [
                1.3502 -1.5458 0.7388, 1.3502 -1.5458 0.7398, 1.3502 -1.5804 0.74, 1.3502 -1.5458 0.748, 1.3502 -1.5658 0.7453, 1.3502 -1.5752 0.7431, 1.3502 -1.5786 0.7414, 1.3502 -1.5467 0.7321, 1.3502 -1.5822 0.7378, 1.3502 -1.5489 0.7267, 1.3502 -1.5813 0.7205, 1.3502 -1.58 0.7192, 1.3502 -1.5541 0.7205, 1.3502 -1.583 0.723, 1.3502 -1.5583 0.7176, 1.3502 -1.5629 0.7159, 1.3502 -1.5685 0.7153, 1.3502 -1.5835 0.735, 1.3502 -1.5843 0.7316, 1.3502 -1.5522 0.7223, 1.3502 -1.5844 0.7292, 1.3502 -1.584 0.7257, 1.3502 -1.577 0.7171, 1.3502 -1.5736 0.7159
            ]
        }
        coordIndex [
            0,1,2,-1,1,3,4,-1,4,5,1,-1,1,5,6,-1,1,6,2,-1,0,2,7,-1,7,2,8,-1,7,8,9,-1,10,11,12,-1,10,12,13,-1,14,12,15,-1,15,12,16,-1,8,17,9,-1,9,17,18,-1,9,18,19,-1,19,18,20,-1,19,20,12,-1,12,20,21,-1,12,21,13,-1,11,22,12,-1,12,22,23,-1,12,23,16,-1,
        ]
    }
}
Shape{
    appearance Appearance {
        material  Material 	{
            diffuseColor 1.0 1.0 1.0
            specularColor 0.5019607843137255 0.5019607843137255 0.5019607843137255
            ambientIntensity 1.0
            transparency 0.0
            shininess 0.5
        }
    }
    geometry IndexedFaceSet {
        ccw TRUE
        solid FALSE
        coord DEF co Coordinate {
            point [
                1.3506 -1.4856 0.7152, 1.3502 -1.4856 0.7152, 1.3502 -1.4948 0.7163, 1.3502 -1.5034 0.7195, 1.3506 -1.5043 0.7198, 1.3506 -1.4948 0.7163, 1.3502 -1.5043 0.7198, 1.3502 -1.5103 0.7235, 1.3506 -1.5103 0.7235, 1.3506 -1.5103 0.708, 1.3502 -1.5103 0.708, 1.3506 -1.5012 0.7046, 1.3502 -1.5034 0.7054, 1.3502 -1.4871 0.703, 1.3506 -1.4871 0.703, 1.3502 -1.4957 0.704, 1.3502 -1.5012 0.7046, 1.3506 -1.4736 0.7045, 1.3502 -1.4784 0.704, 1.3502 -1.4736 0.7045, 1.3502 -1.4656 0.7076, 1.3506 -1.4656 0.7076, 1.3502 -1.4621 0.7098, 1.3506 -1.4621 0.7098, 1.3502 -1.4578 0.7135, 1.3506 -1.4578 0.7135, 1.3502 -1.455 0.7175, 1.3506 -1.455 0.7175, 1.3502 -1.4531 0.7223, 1.3506 -1.4531 0.7223, 1.3502 -1.4524 0.7283, 1.3506 -1.4524 0.7283, 1.3502 -1.453 0.7339, 1.3506 -1.453 0.7339, 1.3502 -1.4546 0.7384, 1.3506 -1.4546 0.7384, 1.3502 -1.4574 0.7425, 1.3506 -1.4574 0.7425, 1.3502 -1.461 0.7457, 1.3506 -1.461 0.7457, 1.3502 -1.471 0.7513, 1.3506 -1.471 0.7513, 1.3502 -1.4768 0.7536, 1.3506 -1.4768 0.7536, 1.3502 -1.4861 0.7577, 1.3506 -1.4861 0.7577, 1.3502 -1.4914 0.761, 1.3506 -1.4914 0.761, 1.3502 -1.4929 0.7626, 1.3506 -1.4929 0.7626, 1.3502 -1.494 0.7646, 1.3506 -1.494 0.7646, 1.3502 -1.4946 0.767, 1.3506 -1.4946 0.767, 1.3502 -1.4947 0.769, 1.3506 -1.4947 0.769, 1.3502 -1.4945 0.7714, 1.3506 -1.4945 0.7714, 1.3502 -1.4937 0.7734, 1.3506 -1.4937 0.7734, 1.3502 -1.4924 0.7753, 1.3506 -1.4924 0.7753, 1.3502 -1.4902 0.7773, 1.3506 -1.4902 0.7773, 1.3502 -1.4868 0.7791, 1.3506 -1.4868 0.7791, 1.3502 -1.4828 0.7802, 1.3506 -1.4828 0.7802, 1.3502 -1.4783 0.7805, 1.3506 -1.4783 0.7805, 1.3502 -1.4687 0.7795, 1.3506 -1.4687 0.7795, 1.3502 -1.4602 0.7764, 1.3506 -1.4602 0.7764, 1.3502 -1.4565 0.7743, 1.3506 -1.4565 0.7743, 1.3506 -1.4565 0.7889, 1.3502 -1.4565 0.7889, 1.3502 -1.4663 0.7918, 1.3506 -1.4663 0.7918, 1.3502 -1.4768 0.7927, 1.3506 -1.4768 0.7927, 1.3502 -1.4873 0.7917, 1.3506 -1.4873 0.7917, 1.3502 -1.4957 0.7888, 1.3506 -1.4957 0.7888, 1.3502 -1.5006 0.7859, 1.3506 -1.5006 0.7859, 1.3506 -1.5051 0.7819, 1.3502 -1.5034 0.7834, 1.3502 -1.5051 0.7819, 1.3502 -1.5078 0.7778, 1.3506 -1.5078 0.7778, 1.3502 -1.5096 0.773, 1.3506 -1.5096 0.773, 1.3502 -1.5102 0.7676, 1.3506 -1.5102 0.7676, 1.3502 -1.5096 0.7618, 1.3506 -1.5096 0.7618, 1.3502 -1.5079 0.7572, 1.3506 -1.5079 0.7572, 1.3502 -1.506 0.754, 1.3506 -1.506 0.754, 1.3502 -1.4875 0.7427, 1.3506 -1.4875 0.7427, 1.3506 -1.4964 0.7468, 1.3502 -1.5035 0.7515, 1.3506 -1.5035 0.7515, 1.3502 -1.5034 0.7514, 1.3502 -1.4964 0.7468, 1.3502 -1.4776 0.7385, 1.3506 -1.4776 0.7385, 1.3502 -1.4717 0.735, 1.3506 -1.4717 0.735, 1.3502 -1.4698 0.7331, 1.3506 -1.4698 0.7331, 1.3502 -1.4687 0.7311, 1.3506 -1.4687 0.7311, 1.3502 -1.468 0.7287, 1.3506 -1.468 0.7287, 1.3502 -1.4678 0.7268, 1.3506 -1.4678 0.7268, 1.3502 -1.4681 0.724, 1.3506 -1.4681 0.724, 1.3502 -1.4689 0.7218, 1.3506 -1.4689 0.7218, 1.3502 -1.4702 0.7199, 1.3506 -1.4702 0.7199, 1.3502 -1.472 0.7184, 1.3506 -1.472 0.7184, 1.3502 -1.4733 0.7175, 1.3506 -1.4733 0.7175, 1.3502 -1.4772 0.7161, 1.3506 -1.4772 0.7161, 1.3502 -1.4849 0.7152, 1.3506 -1.4849 0.7152, 1.3506 -1.3778 0.7908, 1.3506 -1.3622 0.7908, 1.3502 -1.3778 0.7908, 1.3502 -1.3622 0.7908, 1.3506 -1.4012 0.7262, 1.3502 -1.4012 0.7262, 1.3502 -1.4024 0.7222, 1.3506 -1.4024 0.7222, 1.3502 -1.4031 0.7192, 1.3506 -1.4031 0.7192, 1.3506 -1.4035 0.7192, 1.3502 -1.4035 0.7192, 1.3506 -1.4053 0.7263, 1.3502 -1.4053 0.7263, 1.3502 -1.4277 0.7908, 1.3506 -1.4277 0.7908, 1.3502 -1.4205 0.7699, 1.3506 -1.4446 0.7908, 1.3502 -1.4446 0.7908, 1.3502 -1.4109 0.7052, 1.3506 -1.4109 0.7052, 1.3502 -1.4205 0.7295, 1.3502 -1.4175 0.6896, 1.3506 -1.4175 0.6896, 1.3502 -1.4114 0.704, 1.3502 -1.4205 0.6842, 1.3506 -1.4205 0.6841, 1.3502 -1.4205 0.6841, 1.3502 -1.4233 0.681, 1.3506 -1.4233 0.681, 1.3502 -1.4259 0.6792, 1.3506 -1.4259 0.6792, 1.3502 -1.4291 0.6779, 1.3506 -1.4291 0.6779, 1.3502 -1.4329 0.6775, 1.3506 -1.4329 0.6775, 1.3502 -1.4384 0.6782, 1.3506 -1.4384 0.6782, 1.3502 -1.4415 0.6792, 1.3506 -1.4415 0.6792, 1.3506 -1.4415 0.6658, 1.3502 -1.4415 0.6658, 1.3502 -1.4351 0.6647, 1.3506 -1.4351 0.6647, 1.3502 -1.4318 0.6646, 1.3506 -1.4318 0.6646, 1.3502 -1.4257 0.6653, 1.3502 -1.4205 0.6673, 1.3506 -1.4197 0.6675, 1.3506 -1.4257 0.6653, 1.3502 -1.4197 0.6675, 1.3502 -1.4145 0.6712, 1.3506 -1.4145 0.6712, 1.3502 -1.4135 0.6722, 1.3506 -1.4135 0.6722, 1.3502 -1.408 0.6788, 1.3506 -1.408 0.6788, 1.3502 -1.4012 0.692, 1.3506 -1.4012 0.692, 1.3502 -1.3964 0.704, 1.3506 -1.2814 0.7187, 1.3506 -1.2814 0.705, 1.3502 -1.2814 0.7187, 1.3502 -1.2814 0.705, 1.3502 -1.3305 0.7187, 1.3506 -1.3305 0.7187, 1.3502 -1.308 0.7187, 1.3506 -1.3305 0.7591, 1.3502 -1.3305 0.7591, 1.3502 -1.2876 0.7591, 1.3506 -1.2876 0.7591, 1.3502 -1.308 0.7591, 1.3506 -1.2876 0.7728, 1.3502 -1.2876 0.7728, 1.3502 -1.3305 0.7728, 1.3506 -1.3305 0.7728, 1.3502 -1.308 0.7728, 1.3506 -1.3305 0.8113, 1.3502 -1.3305 0.8113, 1.3502 -1.2841 0.8113, 1.3506 -1.2841 0.8113, 1.3502 -1.308 0.8113, 1.3506 -1.2841 0.8251, 1.3502 -1.2841 0.8251, 1.3502 -1.346 0.8251, 1.3506 -1.346 0.8251, 1.3502 -1.308 0.8251, 1.3506 -1.346 0.705, 1.3502 -1.346 0.705, 1.3502 -1.308 0.705, 1.3506 -1.1791 0.7218, 1.3506 -1.1915 0.7299, 1.3506 -1.1916 0.7128, 1.3506 -1.1992 0.7245, 1.3506 -1.2053 0.7075, 1.3506 -1.2092 0.7207, 1.3506 -1.2257 0.705, 1.3506 -1.2258 0.7187, 1.3506 -1.2587 0.705, 1.3506 -1.2432 0.7187, 1.3506 -1.2587 0.8251, 1.3506 -1.2432 0.8113, 1.3506 -1.2245 0.8251, 1.3506 -1.2251 0.8113, 1.3506 -1.2238 0.8113, 1.3506 -1.2061 0.8231, 1.3506 -1.2085 0.8093, 1.3506 -1.1916 0.8178, 1.3506 -1.1982 0.8053, 1.3506 -1.1791 0.8092, 1.3506 -1.1904 0.8, 1.3506 -1.1748 0.805, 1.3506 -1.1871 0.7967, 1.3506 -1.1674 0.7946, 1.3506 -1.1824 0.7899, 1.3506 -1.1629 0.7831, 1.3506 -1.179 0.7811, 1.3506 -1.1609 0.7666, 1.3506 -1.1772 0.7661, 1.3506 -1.1613 0.7589, 1.3506 -1.1777 0.7579, 1.3506 -1.1642 0.7449, 1.3506 -1.1801 0.747, 1.3506 -1.1701 0.7324, 1.3506 -1.1844 0.7382, 1.3506 -1.1901 0.7312, 1.3502 -1.2257 0.705, 1.3502 -1.2587 0.705, 1.3502 -1.2053 0.7075, 1.3502 -1.1916 0.7128, 1.3502 -1.1791 0.7218, 1.3502 -1.1701 0.7324, 1.3502 -1.1642 0.7449, 1.3502 -1.1613 0.7589, 1.3502 -1.1609 0.7666, 1.3502 -1.1629 0.7831, 1.3502 -1.1674 0.7946, 1.3502 -1.1748 0.805, 1.3502 -1.1791 0.8092, 1.3502 -1.1916 0.8178, 1.3502 -1.2061 0.8231, 1.3502 -1.2245 0.8251, 1.3502 -1.2587 0.8251, 1.3502 -1.2251 0.8113, 1.3502 -1.2432 0.8113, 1.3502 -1.2432 0.7187, 1.3502 -1.2258 0.7187, 1.3502 -1.1901 0.7312, 1.3502 -1.1915 0.7299, 1.3502 -1.1992 0.7245, 1.3502 -1.2092 0.7207, 1.3502 -1.1772 0.7661, 1.3502 -1.1777 0.7579, 1.3502 -1.1801 0.747, 1.3502 -1.1844 0.7382, 1.3502 -1.1904 0.8, 1.3502 -1.1871 0.7967, 1.3502 -1.1824 0.7899, 1.3502 -1.179 0.7811, 1.3502 -1.2238 0.8113, 1.3502 -1.2085 0.8093, 1.3502 -1.1982 0.8053
            ]
        }
        coordIndex [
            0,1,2,-1,3,4,2,-1,2,4,5,-1,2,5,0,-1,3,6,4,-1,4,6,7,-1,4,7,8,-1,9,8,10,-1,10,8,7,-1,11,9,12,-1,12,9,10,-1,13,14,15,-1,15,14,11,-1,15,11,16,-1,16,11,12,-1,17,14,18,-1,18,14,13,-1,18,19,17,-1,17,19,20,-1,17,20,21,-1,21,20,22,-1,21,22,23,-1,23,22,24,-1,23,24,25,-1,25,24,26,-1,25,26,27,-1,27,26,28,-1,27,28,29,-1,29,28,30,-1,29,30,31,-1,31,30,32,-1,31,32,33,-1,33,32,34,-1,33,34,35,-1,35,34,36,-1,35,36,37,-1,37,36,38,-1,37,38,39,-1,39,38,40,-1,39,40,41,-1,41,40,42,-1,41,42,43,-1,43,42,44,-1,43,44,45,-1,45,44,46,-1,45,46,47,-1,47,46,48,-1,47,48,49,-1,49,48,50,-1,49,50,51,-1,51,50,52,-1,51,52,53,-1,53,52,54,-1,53,54,55,-1,55,54,56,-1,55,56,57,-1,57,56,58,-1,57,58,59,-1,59,58,60,-1,59,60,61,-1,61,60,62,-1,61,62,63,-1,63,62,64,-1,63,64,65,-1,65,64,66,-1,65,66,67,-1,67,66,68,-1,67,68,69,-1,69,68,70,-1,69,70,71,-1,71,70,72,-1,71,72,73,-1,73,72,74,-1,73,74,75,-1,76,75,77,-1,77,75,74,-1,76,77,78,-1,76,78,79,-1,79,78,80,-1,79,80,81,-1,81,80,82,-1,81,82,83,-1,83,82,84,-1,83,84,85,-1,85,84,86,-1,85,86,87,-1,88,87,89,-1,89,87,86,-1,89,90,88,-1,88,90,91,-1,88,91,92,-1,92,91,93,-1,92,93,94,-1,94,93,95,-1,94,95,96,-1,96,95,97,-1,96,97,98,-1,98,97,99,-1,98,99,100,-1,100,99,101,-1,100,101,102,-1,103,104,105,-1,102,101,106,-1,102,106,107,-1,107,106,108,-1,107,108,105,-1,105,108,109,-1,105,109,103,-1,104,103,110,-1,104,110,111,-1,111,110,112,-1,111,112,113,-1,113,112,114,-1,113,114,115,-1,115,114,116,-1,115,116,117,-1,117,116,118,-1,117,118,119,-1,119,118,120,-1,119,120,121,-1,121,120,122,-1,121,122,123,-1,123,122,124,-1,123,124,125,-1,125,124,126,-1,125,126,127,-1,127,126,128,-1,127,128,129,-1,129,128,130,-1,129,130,131,-1,131,130,132,-1,131,132,133,-1,133,132,134,-1,133,134,135,-1,135,134,1,-1,135,1,0,-1,61,63,85,-1,85,63,83,-1,111,43,104,-1,104,43,45,-1,21,23,127,-1,127,23,25,-1,127,25,125,-1,125,25,27,-1,125,27,123,-1,123,27,29,-1,123,29,121,-1,121,29,31,-1,121,31,119,-1,119,31,33,-1,119,33,117,-1,117,33,35,-1,117,35,115,-1,115,35,37,-1,115,37,113,-1,113,37,39,-1,113,39,111,-1,111,39,41,-1,111,41,43,-1,14,0,11,-1,11,0,5,-1,11,5,9,-1,9,5,4,-1,9,4,8,-1,63,65,83,-1,83,65,67,-1,83,67,81,-1,81,67,69,-1,81,69,79,-1,79,69,71,-1,79,71,76,-1,76,71,73,-1,76,73,75,-1,127,129,21,-1,21,129,131,-1,21,131,17,-1,17,131,133,-1,17,133,14,-1,14,133,135,-1,14,135,0,-1,85,87,61,-1,61,87,88,-1,61,88,59,-1,59,88,92,-1,59,92,57,-1,57,92,94,-1,57,94,55,-1,55,94,96,-1,55,96,53,-1,53,96,98,-1,53,98,51,-1,51,98,100,-1,51,100,49,-1,49,100,102,-1,49,102,47,-1,47,102,107,-1,47,107,45,-1,45,107,105,-1,45,105,104,-1,136,137,138,-1,138,137,139,-1,140,136,141,-1,141,136,138,-1,140,141,142,-1,140,142,143,-1,143,142,144,-1,143,144,145,-1,146,145,147,-1,147,145,144,-1,148,146,149,-1,149,146,147,-1,150,151,152,-1,152,151,148,-1,152,148,149,-1,153,151,154,-1,154,151,150,-1,155,156,157,-1,157,156,153,-1,157,153,154,-1,158,159,160,-1,160,159,156,-1,160,156,155,-1,158,161,159,-1,159,161,162,-1,161,163,162,-1,162,163,164,-1,162,164,165,-1,165,164,166,-1,165,166,167,-1,167,166,168,-1,167,168,169,-1,169,168,170,-1,169,170,171,-1,171,170,172,-1,171,172,173,-1,173,172,174,-1,173,174,175,-1,176,175,177,-1,177,175,174,-1,176,177,178,-1,176,178,179,-1,179,178,180,-1,179,180,181,-1,181,180,182,-1,183,184,182,-1,182,184,185,-1,182,185,181,-1,183,186,184,-1,184,186,187,-1,184,187,188,-1,188,187,189,-1,188,189,190,-1,190,189,191,-1,190,191,192,-1,192,191,193,-1,192,193,194,-1,139,137,195,-1,195,137,194,-1,195,194,193,-1,143,145,194,-1,137,136,194,-1,194,136,140,-1,194,140,143,-1,151,153,148,-1,148,153,156,-1,148,156,146,-1,175,176,173,-1,173,176,179,-1,173,179,171,-1,171,179,181,-1,171,181,169,-1,169,181,185,-1,169,185,167,-1,167,185,184,-1,167,184,165,-1,145,146,194,-1,194,146,156,-1,194,156,192,-1,156,159,192,-1,192,159,162,-1,192,162,190,-1,190,162,165,-1,190,165,188,-1,188,165,184,-1,196,197,198,-1,198,197,199,-1,200,201,202,-1,202,201,196,-1,202,196,198,-1,203,201,204,-1,204,201,200,-1,205,206,207,-1,207,206,203,-1,207,203,204,-1,208,206,209,-1,209,206,205,-1,210,211,212,-1,212,211,208,-1,212,208,209,-1,213,211,214,-1,214,211,210,-1,215,216,217,-1,217,216,213,-1,217,213,214,-1,218,216,219,-1,219,216,215,-1,220,221,222,-1,222,221,218,-1,222,218,219,-1,223,221,224,-1,224,221,220,-1,199,197,225,-1,225,197,223,-1,225,223,224,-1,223,197,196,-1,196,201,223,-1,223,201,203,-1,223,203,221,-1,216,218,213,-1,213,218,221,-1,213,221,211,-1,211,221,203,-1,211,203,208,-1,208,203,206,-1,226,227,228,-1,228,227,229,-1,228,229,230,-1,230,229,231,-1,230,231,232,-1,232,231,233,-1,232,233,234,-1,234,233,235,-1,234,235,236,-1,236,235,237,-1,236,237,238,-1,237,239,238,-1,238,239,240,-1,238,240,241,-1,241,240,242,-1,241,242,243,-1,243,242,244,-1,243,244,245,-1,245,244,246,-1,245,246,247,-1,247,246,248,-1,247,248,249,-1,249,248,250,-1,249,250,251,-1,251,250,252,-1,251,252,253,-1,253,252,254,-1,253,254,255,-1,255,254,256,-1,255,256,257,-1,257,256,258,-1,257,258,259,-1,259,258,260,-1,259,260,226,-1,226,260,261,-1,226,261,227,-1,232,234,262,-1,262,234,263,-1,232,262,264,-1,232,264,230,-1,230,264,265,-1,230,265,228,-1,228,265,266,-1,228,266,226,-1,226,266,267,-1,226,267,259,-1,259,267,268,-1,259,268,257,-1,257,268,269,-1,257,269,255,-1,255,269,270,-1,255,270,253,-1,253,270,271,-1,253,271,251,-1,251,271,272,-1,251,272,249,-1,249,272,273,-1,249,273,247,-1,247,273,274,-1,247,274,245,-1,245,274,275,-1,245,275,243,-1,243,275,276,-1,243,276,241,-1,241,276,277,-1,241,277,238,-1,236,238,278,-1,278,238,277,-1,234,236,263,-1,263,236,278,-1,239,237,279,-1,279,237,280,-1,237,235,280,-1,280,235,281,-1,235,233,281,-1,281,233,282,-1,261,283,284,-1,261,284,227,-1,227,284,285,-1,227,285,229,-1,229,285,286,-1,229,286,231,-1,231,286,282,-1,231,282,233,-1,254,287,288,-1,254,288,256,-1,256,288,289,-1,256,289,258,-1,258,289,290,-1,258,290,260,-1,260,290,283,-1,260,283,261,-1,246,291,292,-1,246,292,248,-1,248,292,293,-1,248,293,250,-1,250,293,294,-1,250,294,252,-1,252,294,287,-1,252,287,254,-1,239,279,295,-1,239,295,240,-1,240,295,296,-1,240,296,242,-1,242,296,297,-1,242,297,244,-1,244,297,291,-1,244,291,246,-1,
        ]
    }
}
Shape{
    appearance Appearance {
        material  Material 	{
            diffuseColor 0.17647058823529413 0.17647058823529413 0.17647058823529413
            specularColor 0.011764705882352941 0.011764705882352941 0.011764705882352941
            ambientIntensity 0.251
            transparency 0.0
            shininess 0.5
        }
    }
    geometry IndexedFaceSet {
        ccw TRUE
        solid FALSE
        coord DEF co Coordinate {
            point [
                1.3502 -1.1992 0.7245, 1.3502 -1.1915 0.7299, 1.3502 -1.2238 0.8113, 1.3502 -1.2432 0.8113, 1.3502 -1.2432 0.7187, 1.3502 -1.2251 0.8113, 1.3502 -1.2258 0.7187, 1.3502 -1.2092 0.7207, 1.3502 -1.1901 0.7312, 1.3502 -1.1844 0.7382, 1.3502 -1.1801 0.747, 1.3502 -1.1772 0.7661, 1.3502 -1.1904 0.8, 1.3502 -1.1982 0.8053, 1.3502 -1.179 0.7811, 1.3502 -1.1824 0.7899, 1.3502 -1.1871 0.7967, 1.3502 -1.1777 0.7579, 1.3502 -1.2085 0.8093
            ]
        }
        coordIndex [
            0,1,2,-1,3,4,5,-1,5,4,6,-1,5,6,2,-1,2,6,7,-1,2,7,0,-1,1,8,2,-1,2,8,9,-1,2,9,10,-1,11,12,13,-1,14,15,11,-1,11,15,16,-1,11,16,12,-1,10,17,2,-1,2,17,11,-1,2,11,18,-1,18,11,13,-1,
        ]
    }
}
Shape{
    appearance Appearance {
        material  Material 	{
            diffuseColor 1.0 1.0 1.0
            specularColor 0.5019607843137255 0.5019607843137255 0.5019607843137255
            ambientIntensity 1.0
            transparency 0.0
            shininess 0.5
        }
    }
    geometry IndexedFaceSet {
        ccw TRUE
        solid FALSE
        coord DEF co Coordinate {
            point [
                1.3506 -1.1207 0.7514, 1.3506 -1.1256 0.7378, 1.3506 -1.0804 0.7514, 1.3506 -1.0756 0.7378, 1.3506 -1.1027 0.8013, 1.3506 -1.1085 0.8251, 1.3506 -1.1543 0.705, 1.3506 -1.1371 0.705, 1.3506 -1.1017 0.8049, 1.3506 -1.1008 0.8097, 1.3506 -1.092 0.8251, 1.3506 -1.1004 0.8097, 1.3506 -1.0994 0.8047, 1.3506 -1.0985 0.8013, 1.3506 -1.0462 0.705, 1.3506 -1.0633 0.705, 1.3502 -1.092 0.8251, 1.3502 -1.0462 0.705, 1.3502 -1.1085 0.8251, 1.3502 -1.1543 0.705, 1.3502 -1.1371 0.705, 1.3502 -1.1256 0.7378, 1.3502 -1.0756 0.7378, 1.3502 -1.0633 0.705, 1.3502 -1.1207 0.7514, 1.3502 -1.0804 0.7514, 1.3502 -1.0985 0.8013, 1.3502 -1.1004 0.8097, 1.3502 -1.0994 0.8047, 1.3502 -1.1008 0.8097, 1.3502 -1.1027 0.8013, 1.3502 -1.1017 0.8049
            ]
        }
        coordIndex [
            0,1,2,-1,2,1,3,-1,4,5,0,-1,0,5,6,-1,0,6,1,-1,1,6,7,-1,4,8,5,-1,5,8,9,-1,5,9,10,-1,10,9,11,-1,10,11,12,-1,12,13,10,-1,10,13,2,-1,10,2,14,-1,14,2,3,-1,14,3,15,-1,10,14,16,-1,16,14,17,-1,5,10,18,-1,18,10,16,-1,6,5,19,-1,19,5,18,-1,7,6,20,-1,20,6,19,-1,1,7,21,-1,21,7,20,-1,3,1,22,-1,22,1,21,-1,15,3,23,-1,23,3,22,-1,14,15,17,-1,17,15,23,-1,0,2,24,-1,24,2,25,-1,2,13,25,-1,25,13,26,-1,11,27,28,-1,11,28,12,-1,12,28,26,-1,12,26,13,-1,11,9,27,-1,27,9,29,-1,4,30,31,-1,4,31,8,-1,8,31,29,-1,8,29,9,-1,4,0,30,-1,30,0,24,-1,
        ]
    }
}
Shape{
    appearance Appearance {
        material  Material 	{
            diffuseColor 0.17647058823529413 0.17647058823529413 0.17647058823529413
            specularColor 0.011764705882352941 0.011764705882352941 0.011764705882352941
            ambientIntensity 0.251
            transparency 0.0
            shininess 0.5
        }
    }
    geometry IndexedFaceSet {
        ccw TRUE
        solid FALSE
        coord DEF co Coordinate {
            point [
                1.3502 -1.1004 0.8097, 1.3502 -1.1008 0.8097, 1.3502 -1.0994 0.8047, 1.3502 -1.1017 0.8049, 1.3502 -1.0985 0.8013, 1.3502 -1.1027 0.8013, 1.3502 -1.0804 0.7514, 1.3502 -1.1207 0.7514
            ]
        }
        coordIndex [
            0,1,2,-1,2,1,3,-1,2,3,4,-1,4,3,5,-1,4,5,6,-1,6,5,7,-1,
        ]
    }
}
Shape{
    appearance Appearance {
        material  Material 	{
            diffuseColor 1.0 1.0 1.0
            specularColor 0.5019607843137255 0.5019607843137255 0.5019607843137255
            ambientIntensity 1.0
            transparency 0.0
            shininess 0.5
        }
    }
    geometry IndexedFaceSet {
        ccw TRUE
        solid FALSE
        coord DEF co Coordinate {
            point [
                1.3506 -2.2091 0.688, 1.3506 -2.1964 0.6723, 1.3506 -2.2168 0.7635, 1.3506 -2.2316 0.9119, 1.3506 -2.2126 0.922, 1.3506 -2.2171 0.9745, 1.3506 -2.0667 0.6846, 1.3506 -2.0566 0.7036, 1.3506 -2.0516 0.7247, 1.3506 -2.1638 0.977, 1.3506 -2.1374 0.9146, 1.3506 -2.1243 0.9416, 1.3506 -2.2354 0.7749, 1.3506 -2.2284 0.7095, 1.3506 -2.2176 0.7063, 1.3506 -2.1835 0.9787, 1.3506 -1.9316 0.8053, 1.3506 -1.958 0.8506, 1.3506 -2.0511 0.7421, 1.3506 -2.0725 0.7908, 1.3506 -2.0511 0.7336, 1.3506 -2.0968 0.6581, 1.3506 -2.0798 0.6699, 1.3506 -2.1597 0.7081, 1.3506 -2.153 0.7034, 1.3506 -2.1797 0.6597, 1.3506 -2.1451 0.7004, 1.3506 -2.1067 0.7458, 1.3506 -2.1045 0.7381, 1.3506 -2.1042 0.7298, 1.3506 -2.106 0.7215, 1.3506 -2.1098 0.7141, 1.3506 -1.9034 0.8899, 1.3506 -1.8965 0.8899, 1.3506 -1.8615 0.936, 1.3506 -1.8803 0.8879, 1.3506 -1.8573 0.9346, 1.3506 -1.8654 0.8821, 1.3506 -1.8319 0.9219, 1.3506 -1.8088 0.9024, 1.3506 -2.1463 0.9974, 1.3506 -2.1052 0.9645, 1.3506 -2.1263 1.0145, 1.3506 -2.0823 0.9813, 1.3506 -2.1018 1.0293, 1.3506 -2.1915 0.927, 1.3506 -2.1826 0.9274, 1.3506 -2.1736 0.9781, 1.3506 -2.1626 0.925, 1.3506 -2.1435 0.918, 1.3506 -2.1705 0.7294, 1.3506 -2.1687 0.7215, 1.3506 -2.1651 0.7144, 1.3506 -2.16 0.6514, 1.3506 -2.1398 0.6483, 1.3506 -2.1374 0.6994, 1.3506 -2.1365 0.6482, 1.3506 -2.1292 0.7004, 1.3506 -2.1158 0.6508, 1.3506 -2.1218 0.7033, 1.3506 -2.1152 0.7079, 1.3506 -1.8086 0.743, 1.3506 -1.8484 0.7769, 1.3506 -1.8318 0.7233, 1.3506 -1.861 0.7666, 1.3506 -1.8579 0.7106, 1.3506 -1.8761 0.7596, 1.3506 -1.8863 0.7046, 1.3506 -1.8914 0.7567, 1.3506 -1.9367 0.7046, 1.3506 -1.9298 0.7567, 1.3506 -1.9415 0.7053, 1.3506 -1.8522 0.8729, 1.3506 -1.8423 0.8619, 1.3506 -1.7913 0.8781, 1.3506 -1.8344 0.8471, 1.3506 -1.7809 0.852, 1.3506 -1.8304 0.8307, 1.3506 -1.777 0.8241, 1.3506 -1.8299 0.8233, 1.3506 -1.7809 0.7936, 1.3506 -1.832 0.8066, 1.3506 -1.7916 0.7666, 1.3506 -1.8379 0.7914, 1.3506 -1.8473 0.7781, 1.3506 -1.9076 1.0034, 1.3506 -1.941 0.9642, 1.3506 -1.878 0.9687, 1.3506 -1.9218 0.9411, 1.3506 -1.9086 0.9136, 1.3506 -2.2655 0.8627, 1.3506 -2.3216 0.8486, 1.3506 -2.268 0.842, 1.3506 -2.3218 0.8403, 1.3506 -2.267 0.8289, 1.3506 -2.3177 0.8069, 1.3506 -2.2609 0.808, 1.3506 -2.3054 0.7751, 1.3506 -2.2507 0.7907, 1.3506 -2.2859 0.7473, 1.3506 -2.2593 0.7245, 1.3506 -2.1703 0.7377, 1.3506 -2.168 0.7458, 1.3506 -2.2073 0.7819, 1.3506 -2.1638 0.753, 1.3506 -2.1932 0.798, 1.3506 -2.1596 0.7575, 1.3506 -2.1757 0.8101, 1.3506 -2.1529 0.7622, 1.3506 -2.1569 0.8173, 1.3506 -2.1454 0.765, 1.3506 -2.1365 0.8198, 1.3506 -2.1374 0.766, 1.3506 -2.1261 0.8192, 1.3506 -2.1315 0.7655, 1.3506 -2.1055 0.8141, 1.3506 -2.1235 0.763, 1.3506 -2.0874 0.8044, 1.3506 -2.1164 0.7586, 1.3506 -2.1107 0.7527, 1.3506 -2.0622 1.0436, 1.3506 -2.0544 0.9926, 1.3506 -2.0238 1.0478, 1.3506 -2.0229 0.9966, 1.3506 -1.9832 1.0429, 1.3506 -1.994 0.9931, 1.3506 -1.9408 1.0265, 1.3506 -1.9672 0.9828, 1.3506 -1.9432 0.9661, 1.3506 -2.2487 0.9622, 1.3506 -2.2759 0.9432, 1.3506 -2.2463 0.8988, 1.3506 -2.2817 0.9377, 1.3506 -2.2581 0.8818, 1.3506 -2.3022 0.9114, 1.3506 -2.3158 0.8806, 1.3506 -1.9341 0.7574, 1.3506 -1.9547 0.7135, 1.3506 -1.9527 0.7115, 1.3506 -1.9316 0.7569, 1.3506 -1.9471 0.7076, 1.3506 -1.9614 0.731, 1.3506 -1.9606 0.7247, 1.3506 -1.9584 0.7189, 1.3506 -1.9416 0.7567, 1.3506 -1.9474 0.7543, 1.3506 -1.9612 0.7344, 1.3506 -1.9527 0.7506, 1.3506 -1.9562 0.7467, 1.3506 -1.9595 0.7409, 1.3506 -1.935 0.7575, 1.3502 -1.777 0.8241, 1.3502 -1.7809 0.852, 1.3502 -1.8031 0.8945, 1.3502 -1.7838 0.8593, 1.3502 -1.7913 0.8781, 1.3502 -1.8088 0.9024, 1.3502 -1.8319 0.9219, 1.3502 -1.8573 0.9346, 1.3502 -1.8615 0.936, 1.3502 -1.878 0.9687, 1.3502 -1.9076 1.0034, 1.3502 -1.9266 1.0166, 1.3502 -1.9408 1.0265, 1.3502 -1.9832 1.0429, 1.3502 -2.0238 1.0478, 1.3502 -2.1263 1.0145, 1.3502 -2.1228 1.0166, 1.3502 -2.1018 1.0293, 1.3502 -2.0622 1.0436, 1.3502 -2.1463 0.9974, 1.3502 -2.1638 0.977, 1.3502 -2.1736 0.9781, 1.3502 -2.1835 0.9787, 1.3502 -2.2171 0.9745, 1.3502 -2.2487 0.9622, 1.3502 -2.2759 0.9432, 1.3502 -2.2817 0.9377, 1.3502 -2.3218 0.8403, 1.3502 -2.3022 0.9114, 1.3502 -2.3097 0.8945, 1.3502 -2.3158 0.8806, 1.3502 -2.3196 0.8593, 1.3502 -2.3216 0.8486, 1.3502 -2.3177 0.8069, 1.3502 -2.3054 0.7751, 1.3502 -2.2859 0.7473, 1.3502 -2.2593 0.7245, 1.3502 -2.2284 0.7095, 1.3502 -2.2176 0.7063, 1.3502 -2.2165 0.704, 1.3502 -2.2091 0.688, 1.3502 -2.1964 0.6723, 1.3502 -2.1797 0.6597, 1.3502 -2.1718 0.6564, 1.3502 -2.16 0.6514, 1.3502 -2.1398 0.6483, 1.3502 -2.1365 0.6482, 1.3502 -2.0511 0.7336, 1.3502 -2.1158 0.6508, 1.3502 -2.1011 0.6564, 1.3502 -2.0968 0.6581, 1.3502 -2.0798 0.6699, 1.3502 -2.0667 0.6846, 1.3502 -2.0566 0.7036, 1.3502 -2.0565 0.704, 1.3502 -2.0516 0.7247, 1.3502 -2.0511 0.7421, 1.3502 -1.9316 0.8053, 1.3502 -1.958 0.8506, 1.3502 -2.0725 0.7908, 1.3502 -2.0874 0.8044, 1.3502 -2.1055 0.8141, 1.3502 -2.1261 0.8192, 1.3502 -2.1365 0.8198, 1.3502 -2.1569 0.8173, 1.3502 -2.1757 0.8101, 1.3502 -2.1932 0.798, 1.3502 -2.2073 0.7819, 1.3502 -2.2168 0.7635, 1.3502 -2.2354 0.7749, 1.3502 -2.2507 0.7907, 1.3502 -2.2609 0.808, 1.3502 -2.267 0.8289, 1.3502 -2.268 0.842, 1.3502 -2.2659 0.8593, 1.3502 -2.2655 0.8627, 1.3502 -2.2581 0.8818, 1.3502 -2.2493 0.8945, 1.3502 -2.2463 0.8988, 1.3502 -2.2316 0.9119, 1.3502 -2.2126 0.922, 1.3502 -2.1915 0.927, 1.3502 -2.1826 0.9274, 1.3502 -2.1626 0.925, 1.3502 -2.1435 0.918, 1.3502 -2.1374 0.9146, 1.3502 -2.1243 0.9416, 1.3502 -2.1052 0.9645, 1.3502 -2.0823 0.9813, 1.3502 -2.0544 0.9926, 1.3502 -2.0229 0.9966, 1.3502 -1.9034 0.8899, 1.3502 -1.9044 0.8945, 1.3502 -1.9086 0.9136, 1.3502 -1.9218 0.9411, 1.3502 -1.941 0.9642, 1.3502 -1.9432 0.9661, 1.3502 -1.9672 0.9828, 1.3502 -1.994 0.9931, 1.3502 -1.8965 0.8899, 1.3502 -1.8803 0.8879, 1.3502 -1.8654 0.8821, 1.3502 -1.8522 0.8729, 1.3502 -1.8423 0.8619, 1.3502 -1.8409 0.8593, 1.3502 -1.8344 0.8471, 1.3502 -1.8304 0.8307, 1.3502 -1.8299 0.8233, 1.3502 -1.832 0.8066, 1.3502 -1.8379 0.7914, 1.3502 -1.8473 0.7781, 1.3502 -1.8484 0.7769, 1.3502 -1.861 0.7666, 1.3502 -1.8761 0.7596, 1.3502 -1.8914 0.7567, 1.3502 -1.9298 0.7567, 1.3502 -1.9316 0.7569, 1.3502 -1.9341 0.7574, 1.3502 -1.935 0.7575, 1.3502 -1.9416 0.7567, 1.3502 -1.9474 0.7543, 1.3502 -1.9527 0.7506, 1.3502 -1.9562 0.7467, 1.3502 -1.9595 0.7409, 1.3502 -1.9612 0.7344, 1.3502 -1.9614 0.731, 1.3502 -1.9606 0.7247, 1.3502 -1.9584 0.7189, 1.3502 -1.9547 0.7135, 1.3502 -1.9527 0.7115, 1.3502 -1.9471 0.7076, 1.3502 -1.9415 0.7053, 1.3502 -1.9367 0.7046, 1.3502 -1.8863 0.7046, 1.3502 -1.8579 0.7106, 1.3502 -1.8318 0.7233, 1.3502 -1.8086 0.743, 1.3502 -1.7916 0.7666, 1.3502 -1.7809 0.7936, 1.3502 -2.1374 0.766, 1.3502 -2.1315 0.7655, 1.3502 -2.1235 0.763, 1.3502 -2.1164 0.7586, 1.3502 -2.1107 0.7527, 1.3502 -2.1067 0.7458, 1.3502 -2.1045 0.7381, 1.3502 -2.1042 0.7298, 1.3502 -2.106 0.7215, 1.3502 -2.1098 0.7141, 1.3502 -2.1152 0.7079, 1.3502 -2.1218 0.7033, 1.3502 -2.1292 0.7004, 1.3502 -2.1374 0.6994, 1.3502 -2.1451 0.7004, 1.3502 -2.153 0.7034, 1.3502 -2.1597 0.7081, 1.3502 -2.1651 0.7144, 1.3502 -2.1687 0.7215, 1.3502 -2.1705 0.7294, 1.3502 -2.1703 0.7377, 1.3502 -2.168 0.7458, 1.3502 -2.1638 0.753, 1.3502 -2.1596 0.7575, 1.3502 -2.1529 0.7622, 1.3502 -2.1454 0.765
            ]
        }
        coordIndex [
            0,1,2,-1,3,4,5,-1,6,7,8,-1,9,10,11,-1,12,13,2,-1,2,13,14,-1,2,14,0,-1,5,4,15,-1,16,17,18,-1,18,17,19,-1,18,19,20,-1,20,19,21,-1,20,21,8,-1,8,21,22,-1,8,22,6,-1,23,1,24,-1,24,1,25,-1,24,25,26,-1,27,28,19,-1,19,28,29,-1,19,29,21,-1,21,29,30,-1,21,30,31,-1,32,33,34,-1,34,33,35,-1,34,35,36,-1,36,35,37,-1,36,37,38,-1,38,37,39,-1,9,11,40,-1,40,11,41,-1,40,41,42,-1,42,41,43,-1,42,43,44,-1,4,45,15,-1,15,45,46,-1,15,46,47,-1,47,46,48,-1,47,48,9,-1,9,48,49,-1,9,49,10,-1,50,2,51,-1,51,2,1,-1,51,1,52,-1,52,1,23,-1,25,53,26,-1,26,53,54,-1,26,54,55,-1,55,54,56,-1,55,56,57,-1,57,56,58,-1,57,58,59,-1,59,58,21,-1,59,21,60,-1,60,21,31,-1,61,62,63,-1,63,62,64,-1,63,64,65,-1,65,64,66,-1,65,66,67,-1,67,66,68,-1,67,68,69,-1,69,68,70,-1,69,70,71,-1,37,72,39,-1,39,72,73,-1,39,73,74,-1,74,73,75,-1,74,75,76,-1,76,75,77,-1,76,77,78,-1,78,77,79,-1,78,79,80,-1,80,79,81,-1,80,81,82,-1,82,81,83,-1,82,83,61,-1,61,83,84,-1,61,84,62,-1,85,86,87,-1,87,86,88,-1,87,88,34,-1,34,88,89,-1,34,89,32,-1,90,91,92,-1,92,91,93,-1,92,93,94,-1,94,93,95,-1,94,95,96,-1,96,95,97,-1,96,97,98,-1,98,97,99,-1,98,99,12,-1,12,99,100,-1,12,100,13,-1,50,101,2,-1,2,101,102,-1,2,102,103,-1,103,102,104,-1,103,104,105,-1,105,104,106,-1,105,106,107,-1,107,106,108,-1,107,108,109,-1,109,108,110,-1,109,110,111,-1,111,110,112,-1,111,112,113,-1,113,112,114,-1,113,114,115,-1,115,114,116,-1,115,116,117,-1,117,116,118,-1,117,118,19,-1,19,118,119,-1,19,119,27,-1,44,43,120,-1,120,43,121,-1,120,121,122,-1,122,121,123,-1,122,123,124,-1,124,123,125,-1,124,125,126,-1,126,125,127,-1,126,127,85,-1,85,127,128,-1,85,128,86,-1,5,129,3,-1,3,129,130,-1,3,130,131,-1,131,130,132,-1,131,132,133,-1,133,132,134,-1,133,134,90,-1,90,134,135,-1,90,135,91,-1,136,137,138,-1,70,139,71,-1,71,139,136,-1,71,136,140,-1,140,136,138,-1,141,142,136,-1,136,142,143,-1,136,143,137,-1,144,145,146,-1,145,147,146,-1,146,147,148,-1,146,148,149,-1,141,136,146,-1,146,136,150,-1,146,150,144,-1,78,151,152,-1,153,39,74,-1,78,152,76,-1,76,152,154,-1,76,154,74,-1,74,154,155,-1,74,155,153,-1,153,156,39,-1,39,156,157,-1,39,157,38,-1,38,157,158,-1,38,158,36,-1,36,158,159,-1,36,159,34,-1,34,159,160,-1,34,160,87,-1,87,160,161,-1,87,161,85,-1,126,85,162,-1,162,85,161,-1,162,163,126,-1,126,163,164,-1,126,164,124,-1,124,164,165,-1,124,165,122,-1,166,42,167,-1,167,42,44,-1,167,44,168,-1,168,44,120,-1,168,120,169,-1,169,120,122,-1,169,122,165,-1,42,166,170,-1,42,170,40,-1,40,170,171,-1,40,171,9,-1,9,171,172,-1,9,172,47,-1,47,172,173,-1,47,173,15,-1,15,173,174,-1,15,174,5,-1,5,174,175,-1,5,175,129,-1,129,175,176,-1,129,176,130,-1,130,176,177,-1,130,177,132,-1,178,93,91,-1,132,177,179,-1,132,179,134,-1,134,179,180,-1,134,180,135,-1,180,181,135,-1,135,181,182,-1,135,182,91,-1,91,182,183,-1,91,183,178,-1,93,178,184,-1,93,184,95,-1,95,184,185,-1,95,185,97,-1,97,185,186,-1,97,186,99,-1,99,186,187,-1,99,187,100,-1,100,187,188,-1,100,188,13,-1,13,188,189,-1,13,189,14,-1,14,189,190,-1,14,190,0,-1,190,191,0,-1,0,191,192,-1,0,192,1,-1,1,192,193,-1,1,193,25,-1,25,193,194,-1,25,194,53,-1,194,195,53,-1,53,195,196,-1,53,196,54,-1,54,196,197,-1,54,197,56,-1,198,20,8,-1,56,197,199,-1,56,199,58,-1,58,199,200,-1,58,200,21,-1,200,201,21,-1,21,201,202,-1,21,202,22,-1,22,202,203,-1,22,203,6,-1,6,203,204,-1,6,204,7,-1,7,204,205,-1,7,205,8,-1,8,205,206,-1,8,206,198,-1,18,20,207,-1,207,20,198,-1,16,18,208,-1,208,18,207,-1,17,16,209,-1,209,16,208,-1,19,17,210,-1,210,17,209,-1,19,210,211,-1,19,211,117,-1,117,211,212,-1,117,212,115,-1,115,212,213,-1,115,213,113,-1,113,213,214,-1,113,214,111,-1,111,214,215,-1,111,215,109,-1,109,215,216,-1,109,216,107,-1,107,216,217,-1,107,217,105,-1,105,217,218,-1,105,218,103,-1,103,218,219,-1,103,219,2,-1,2,219,220,-1,2,220,12,-1,12,220,221,-1,12,221,98,-1,98,221,222,-1,98,222,96,-1,96,222,223,-1,96,223,94,-1,94,223,224,-1,94,224,92,-1,90,92,225,-1,225,92,224,-1,225,226,90,-1,90,226,227,-1,90,227,133,-1,133,227,228,-1,133,228,131,-1,228,229,131,-1,131,229,230,-1,131,230,3,-1,3,230,231,-1,3,231,4,-1,4,231,232,-1,4,232,45,-1,45,232,233,-1,45,233,46,-1,46,233,234,-1,46,234,48,-1,48,234,235,-1,48,235,49,-1,49,235,236,-1,49,236,10,-1,10,236,237,-1,10,237,11,-1,11,237,238,-1,11,238,41,-1,41,238,239,-1,41,239,43,-1,43,239,240,-1,43,240,121,-1,121,240,241,-1,121,241,123,-1,242,32,243,-1,243,32,89,-1,243,89,244,-1,244,89,88,-1,244,88,245,-1,245,88,86,-1,245,86,246,-1,246,86,128,-1,246,128,247,-1,247,128,127,-1,247,127,248,-1,248,127,125,-1,248,125,249,-1,249,125,123,-1,249,123,241,-1,33,32,250,-1,250,32,242,-1,33,250,251,-1,33,251,35,-1,35,251,252,-1,35,252,37,-1,37,252,253,-1,37,253,72,-1,72,253,254,-1,72,254,73,-1,73,254,255,-1,73,255,75,-1,255,256,75,-1,75,256,257,-1,75,257,77,-1,77,257,258,-1,77,258,79,-1,79,258,259,-1,79,259,81,-1,81,259,260,-1,81,260,83,-1,83,260,261,-1,83,261,84,-1,84,261,262,-1,84,262,62,-1,62,262,263,-1,62,263,64,-1,64,263,264,-1,64,264,66,-1,66,264,265,-1,66,265,68,-1,70,68,266,-1,266,68,265,-1,70,266,267,-1,70,267,139,-1,139,267,268,-1,139,268,136,-1,136,268,269,-1,136,269,150,-1,150,269,270,-1,150,270,144,-1,144,270,271,-1,144,271,145,-1,145,271,272,-1,145,272,147,-1,147,272,273,-1,147,273,148,-1,148,273,274,-1,148,274,149,-1,149,274,275,-1,149,275,146,-1,146,275,276,-1,146,276,141,-1,141,276,277,-1,141,277,142,-1,142,277,278,-1,142,278,143,-1,143,278,279,-1,143,279,137,-1,137,279,280,-1,137,280,138,-1,138,280,281,-1,138,281,140,-1,140,281,282,-1,140,282,71,-1,71,282,283,-1,71,283,69,-1,67,69,284,-1,284,69,283,-1,67,284,285,-1,67,285,65,-1,65,285,286,-1,65,286,63,-1,63,286,287,-1,63,287,61,-1,61,287,288,-1,61,288,82,-1,82,288,289,-1,82,289,80,-1,80,289,151,-1,80,151,78,-1,112,290,291,-1,112,291,114,-1,114,291,292,-1,114,292,116,-1,116,292,293,-1,116,293,118,-1,118,293,294,-1,118,294,119,-1,119,294,295,-1,119,295,27,-1,27,295,296,-1,27,296,28,-1,28,296,297,-1,28,297,29,-1,29,297,298,-1,29,298,30,-1,30,298,299,-1,30,299,31,-1,31,299,300,-1,31,300,60,-1,60,300,301,-1,60,301,59,-1,59,301,302,-1,59,302,57,-1,57,302,303,-1,57,303,55,-1,55,303,304,-1,55,304,26,-1,26,304,305,-1,26,305,24,-1,24,305,306,-1,24,306,23,-1,23,306,307,-1,23,307,52,-1,52,307,308,-1,52,308,51,-1,51,308,309,-1,51,309,50,-1,50,309,310,-1,50,310,101,-1,101,310,311,-1,101,311,102,-1,102,311,312,-1,102,312,104,-1,104,312,313,-1,104,313,106,-1,106,313,314,-1,106,314,108,-1,108,314,315,-1,108,315,110,-1,110,315,290,-1,110,290,112,-1,
        ]
    }
}
Shape{
    appearance Appearance {
        material  Material 	{
            diffuseColor 0.17647058823529413 0.17647058823529413 0.17647058823529413
            specularColor 0.011764705882352941 0.011764705882352941 0.011764705882352941
            ambientIntensity 0.251
            transparency 0.0
            shininess 0.5
        }
    }
    geometry IndexedFaceSet {
        ccw TRUE
        solid FALSE
        coord DEF co Coordinate {
            point [
                1.3502 -2.1374 0.6994, 1.3502 -2.1596 0.7575, 1.3502 -2.1638 0.753, 1.3502 -2.1374 0.766, 1.3502 -2.1315 0.7655, 1.3502 -2.1292 0.7004, 1.3502 -2.1454 0.765, 1.3502 -2.1529 0.7622, 1.3502 -2.1152 0.7079, 1.3502 -2.1107 0.7527, 1.3502 -2.1164 0.7586, 1.3502 -2.1687 0.7215, 1.3502 -2.1651 0.7144, 1.3502 -2.1597 0.7081, 1.3502 -2.1218 0.7033, 1.3502 -2.1235 0.763, 1.3502 -2.168 0.7458, 1.3502 -2.1703 0.7377, 1.3502 -2.1705 0.7294, 1.3502 -2.153 0.7034, 1.3502 -2.1451 0.7004, 1.3502 -2.106 0.7215, 1.3502 -2.1042 0.7298, 1.3502 -2.1098 0.7141, 1.3502 -2.1045 0.7381, 1.3502 -2.1067 0.7458
            ]
        }
        coordIndex [
            0,1,2,-1,3,0,4,-1,4,0,5,-1,3,6,0,-1,0,6,7,-1,0,7,1,-1,8,9,10,-1,11,12,2,-1,2,12,13,-1,5,14,4,-1,4,14,8,-1,4,8,15,-1,15,8,10,-1,16,17,2,-1,2,17,18,-1,2,18,11,-1,13,19,2,-1,2,19,20,-1,2,20,0,-1,21,22,23,-1,23,22,24,-1,23,24,8,-1,8,24,25,-1,8,25,9,-1,
        ]
    }
}